,Autor,ID,Strona_Ideas,Rank,W.Rank,Instytucja,Score,Imię,Nazwisko,Płeć,H_index,i10_index,Cytowania,Auto_cytowania,Artykuły,Papers,Książki,Rozdziały,Lata_działalności,CitEc_Link
0,Oded Stark,pst393,/f/pst393.html,1,[1]," Wydział Nauk Ekonomicznych, Uniwersytet Warszawski, Warszawa",1.27,Oded,Stark,M,32,68,6939,264 (3.67 %),217,276,4,15,47 years (1976 - 2023).,https://citec.repec.org/p/s/pst393.html
1,Rafal Weron,pwe42,/e/pwe42.html,2,[2]," Katedra Badań Operacyjnych i Inteligencji Biznesowej, Politechnika Wrocławska, Wrocław",2.77,Rafal,Weron,M,32,73,3638,155 (4.09 %),62,151,3,3,28 years (1995 - 2023).,https://citec.repec.org/p/w/pwe42.html
2,Marcin Kolasa,pko253,/f/pko253.html,3,[4]," Katedra Ekonomii Ilościowej, Szkoła Główna Handlowa w Warszawie, Warszawa",5.37,Marcin,Kolasa,M,20,27,1105,55 (4.74 %),44,89,,1,19 years (2004 - 2023).,https://citec.repec.org/p/k/pko253.html
3,Mikolaj Czajkowski,pcz11,/e/pcz11.html,4,[5]," Wydział Nauk Ekonomicznych, Uniwersytet Warszawski, Warszawa",6.86,Mikolaj,Czajkowski,M,22,36,1071,104 (8.85 %),57,111,1,10,15 years (2008 - 2023).,https://citec.repec.org/p/c/pcz11.html
4,Michal Brzoza-Brzezina,pbr47,/e/pbr47.html,5,[7]," Katedra Ekonomii Ilościowej, Szkoła Główna Handlowa w Warszawie, Warszawa Narodowy Bank Polski, Warszawa",7.13,Michal,Brzoza-Brzezina,M,14,23,688,56 (7.53 %),29,78,,,21 years (2002 - 2023).,https://citec.repec.org/p/b/pbr47.html
5,Michal Wiktor Krawczyk,pkr96,/e/pkr96.html,6,[12]," Group for Research in Applied Economics (GRAPE), Warszawa Wydział Nauk Ekonomicznych, Uniwersytet Warszawski, Warszawa",7.18,Michal,Wiktor Krawczyk,M,10,10,717,23 (3.11 %),27,47,,,12 years (2008 - 2020).,https://citec.repec.org/p/k/pkr96.html
6,Jakub Growiec,pgr106,/e/pgr106.html,7,[11]," Katedra Ekonomii Ilościowej, Szkoła Główna Handlowa w Warszawie, Warszawa Narodowy Bank Polski, Warszawa",8.37,Jakub,Growiec,M,13,17,498,62 (11.07 %),36,69,2,11,18 years (2005 - 2023).,https://citec.repec.org/p/g/pgr106.html
7,Michal Rubaszek,pru76,/e/pru76.html,8,[10]," Instytut Ekonometrii, Szkoła Główna Handlowa w Warszawie, Warszawa",10.1,Michal,Rubaszek,M,11,17,545,42 (7.16 %),50,43,,2,21 years (2002 - 2023).,https://citec.repec.org/p/r/pru76.html
8,Jacek Osiewalski,pos80,/e/pos80.html,9,[18]," Uniwersytet Ekonomiczny w Krakowie, Kraków",10.63,Jacek,Osiewalski,M,,,,Unknown,,,,,Unknown,https://citec.repec.org/p/z/pos80.html
9,Joanna Tyrowicz,pty6,/e/pty6.html,10,[9]," Group for Research in Applied Economics (GRAPE), Warszawa Wydział Zarządzania, Uniwersytet Warszawski, Warszawa",13.87,Joanna,Tyrowicz,K,10,12,408,68 (14.29 %),63,151,1,4,16 years (2007 - 2023).,https://citec.repec.org/p/t/pty6.html
10,Katarzyna Maciejowska,pma1510,/f/pma1510.html,11,[29]," Katedra Badań Operacyjnych i Inteligencji Biznesowej, Politechnika Wrocławska, Wrocław",15.45,Katarzyna,Maciejowska,K,10,10,529,20 (3.64 %),10,22,,,13 years (2009 - 2022).,https://citec.repec.org/p/m/pma1510.html
11,Piotr Lewandowski,ple212,/f/ple212.html,12,[8]," Instytut Badań Strukturalnych, Warszawa",15.56,Piotr,Lewandowski,M,10,10,286,47 (14.11 %),19,65,,,18 years (2005 - 2023).,https://citec.repec.org/p/l/ple212.html
12,Michal Myck,pmy21,/e/pmy21.html,13,[19]," Centrum Analiz Ekonomicznych (CenEA), Szczecin",15.59,Michal,Myck,M,11,13,548,48 (8.05 %),33,74,,2,23 years (2000 - 2023).,https://citec.repec.org/p/m/pmy21.html
13,Andrzej Cieslik,pci38,/e/pci38.html,14,[13]," Wydział Nauk Ekonomicznych, Uniwersytet Warszawski, Warszawa",16.04,Andrzej,Cieslik,M,11,12,440,41 (8.52 %),110,12,,1,23 years (2000 - 2023).,https://citec.repec.org/p/c/pci38.html
14,Wojciech W. Charemza,pch204,/f/pch204.html,15,[21]," Wydział Biznesu i Stosunków Międzynarodowych, Akademia Finansów i Biznesu Vistula, Warszawa",16.74,Wojciech,W. Charemza,M,8,8,505,18 (3.44 %),42,24,2,1,44 years (1979 - 2023).,https://citec.repec.org/p/c/pch204.html
15,Krzysztof Makarski,pma1081,/f/pma1081.html,16,[26]," Group for Research in Applied Economics (GRAPE), Warszawa Katedra Ekonomii Ilościowej, Szkoła Główna Handlowa w Warszawie, Warszawa Narodowy Bank Polski, Warszawa",17.07,Krzysztof,Makarski,M,11,11,452,29 (6.03 %),25,61,,,14 years (2009 - 2023).,https://citec.repec.org/p/m/pma1081.html
16,Piotr Dworczak,pdw12,/e/pdw12.html,17,[22]," Group for Research in Applied Economics (GRAPE), Warszawa",23.79,Piotr,Dworczak,M,6,6,241,6 (2.43 %),9,10,,,8 years (2014 - 2022).,https://citec.repec.org/p/d/pdw12.html
17,Jakub Nowotarski,pno175,/e/pno175.html,18,[34]," Wydział Zarządzania, Politechnika Wrocławska, Wrocław",24.09,Jakub,Nowotarski,M,10,10,649,23 (3.42 %),9,16,,,6 years (2012 - 2018).,https://citec.repec.org/p/n/pno175.html
18,Andrzej Nowak,pno288,/f/pno288.html,19,[35]," Wydział Matematyki, Informatyki i Ekonometrii, Uniwersytet Zielonogórski, Zielona Góra",25.36,Andrzej,Nowak,M,11,12,463,26 (5.32 %),41,8,,1,30 years (1992 - 2022).,https://citec.repec.org/p/n/pno288.html
19,Marcin Bielecki,pbi271,/f/pbi271.html,20,[36]," Wydział Nauk Ekonomicznych, Uniwersytet Warszawski, Warszawa Narodowy Bank Polski, Warszawa",25.78,Marcin,Bielecki,M,7,5,198,14 (6.6 %),14,25,,,9 years (2014 - 2023).,https://citec.repec.org/p/b/pbi271.html
20,Andrzej Klimczuk,pkl107,/e/pkl107.html,21,[25]," Szkoła Główna Handlowa w Warszawie, Warszawa",27.45,Andrzej,Klimczuk,M,3,0,33,93 (73.81 %),65,94,10,11,13 years (2009 - 2022).,https://citec.repec.org/p/k/pkl107.html
21,Aleksandra Parteka,ppa388,/f/ppa388.html,22,[32]," Wydział Zarządzania i Ekonomii, Politechnika Gdańska, Gdańsk",27.71,Aleksandra,Parteka,K,8,7,345,38 (9.92 %),30,30,,,15 years (2007 - 2022).,https://citec.repec.org/p/p/ppa388.html
22,Tomasz Lyziak,ply18,/e/ply18.html,23,[31]," Instytut Nauk Ekonomicznych, Polska Akademia Nauk, Warszawa Narodowy Bank Polski, Warszawa",28.62,Tomasz,Lyziak,M,9,9,270,25 (8.47 %),17,36,2,1,21 years (2001 - 2022).,https://citec.repec.org/p/l/ply18.html
23,Andre van Stel,pva170,/e/pva170.html,24,[3]," Akademia Leona Koźmińskiego, Warszawa",28.97,Andre,van Stel,M,24,38,2868,78 (2.65 %),35,137,,5,24 years (1998 - 2022).,https://citec.repec.org/p/v/pva170.html
24,Rafal Marcin Raciborski,pra901,/f/pra901.html,25,[41]," Wydział Biznesu i Stosunków Międzynarodowych, Akademia Finansów i Biznesu Vistula, Warszawa",31.38,Rafal,Marcin Raciborski,M,,,,Unknown,,,,,Unknown,https://citec.repec.org/p/z/pra901.html
25,Jan Hagemejer,pha527,/f/pha527.html,26,[30]," Group for Research in Applied Economics (GRAPE), Warszawa CASE-Center for Social and Economic Research, Warszawa Wydział Nauk Ekonomicznych, Uniwersytet Warszawski, Warszawa",31.5,Jan,Hagemejer,M,9,8,221,16 (6.75 %),23,49,,1,16 years (2006 - 2022).,https://citec.repec.org/p/h/pha527.html
26,Domenico Buccella,pbu145,/e/pbu145.html,27,[33]," Akademia Leona Koźmińskiego, Warszawa",33.81,Domenico,Buccella,M,8,6,164,40 (19.61 %),67,31,,,16 years (2007 - 2023).,https://citec.repec.org/p/b/pbu145.html
27,Jakub Muck,pmu412,/f/pmu412.html,28,[40]," Katedra Ekonomii Ilościowej, Szkoła Główna Handlowa w Warszawie, Warszawa Narodowy Bank Polski, Warszawa",35.68,Jakub,Muck,M,6,5,175,12 (6.42 %),8,27,,,11 years (2012 - 2023).,https://citec.repec.org/p/m/pmu412.html
28,Michal Brzezinski,pbr274,/f/pbr274.html,29,[39]," Wydział Nauk Ekonomicznych, Uniwersytet Warszawski, Warszawa",36.24,Michal,Brzezinski,M,7,4,192,11 (5.42 %),26,38,,1,14 years (2009 - 2023).,https://citec.repec.org/p/b/pbr274.html
29,Adam Zaremba,pza419,/f/pza419.html,30,[14]," Uniwersytet Ekonomiczny w Poznaniu, Poznań",36.63,Adam,Zaremba,M,14,17,701,41 (5.53 %),85,1,4,9,12 years (2010 - 2022).,https://citec.repec.org/p/z/pza419.html
30,Henryk Gurgul,pgu102,/e/pgu102.html,31,[37]," Wydział Zarządzania, Akademia Górniczo-Hutnicza, Kraków",36.74,Henryk,Gurgul,M,9,7,312,44 (12.36 %),71,32,,1,23 years (1998 - 2021).,https://citec.repec.org/p/g/pgu102.html
31,Adam Misiorek,pmi383,/f/pmi383.html,32,[48]," Wydział Zarządzania, Politechnika Wrocławska, Wrocław",36.93,Adam,Misiorek,M,,,,Unknown,,,,,Unknown,https://citec.repec.org/p/z/pmi383.html
32,Wlodzimierz Ogryczak,pog49,/e/pog49.html,33,[45],,37.35,Wlodzimierz,Ogryczak,M,13,15,531,18 (3.28 %),34,6,,,31 years (1988 - 2019).,https://citec.repec.org/p/o/pog49.html
33,Joanna Wolszczak-Derlacz,pwo115,/e/pwo115.html,34,[38]," Wydział Zarządzania i Ekonomii, Politechnika Gdańska, Gdańsk",38.98,Joanna,Wolszczak-Derlacz,K,8,5,235,30 (11.32 %),30,18,,,14 years (2008 - 2022).,https://citec.repec.org/p/w/pwo115.html
34,Jacek Prokop,ppr266,/f/ppr266.html,35,[56]," Katedra Ekonomii Biznesu, Szkoła Główna Handlowa w Warszawie, Warszawa",40.63,Jacek,Prokop,M,4,2,78,20 (20.41 %),22,14,,6,32 years (1991 - 2023).,https://citec.repec.org/p/p/ppr266.html
35,Dobromil Serwa,pse187,/e/pse187.html,36,[55]," Narodowy Bank Polski, Warszawa Szkoła Główna Handlowa w Warszawie, Warszawa",40.83,Dobromil,Serwa,M,9,9,270,12 (4.26 %),20,19,,,14 years (2005 - 2019).,https://citec.repec.org/p/s/pse187.html
36,Bartosz Uniejewski,pun47,/e/pun47.html,37,[50]," Katedra Badań Operacyjnych i Inteligencji Biznesowej, Politechnika Wrocławska, Wrocław",42.14,Bartosz,Uniejewski,M,11,11,329,21 (6 %),10,15,,,7 years (2016 - 2023).,https://citec.repec.org/p/u/pun47.html
37,Joanna Janczura,pja256,/f/pja256.html,38,[47]," Hugo Steinhaus Center for Stochastic Methods, Politechnika Wrocławska, Wrocław",42.78,Joanna,Janczura,K,8,8,366,23 (5.91 %),13,22,,,15 years (2008 - 2023).,https://citec.repec.org/p/j/pja256.html
38,Ewa Zawojska,pza314,/f/pza314.html,39,[43]," Wydział Nauk Ekonomicznych, Uniwersytet Warszawski, Warszawa",45.19,Ewa,Zawojska,K,7,6,192,15 (7.25 %),16,33,,,9 years (2014 - 2023).,https://citec.repec.org/p/z/pza314.html
39,Iga Magda,pma849,/f/pma849.html,40,[42]," Instytut Badań Strukturalnych, Warszawa Katedra Ekonomii I, Szkoła Główna Handlowa w Warszawie, Warszawa",45.42,Iga,Magda,K,8,8,202,13 (6.05 %),13,44,1,,18 years (2005 - 2023).,https://citec.repec.org/p/m/pma849.html
40,Slawomir Smiech,pmi663,/f/pmi663.html,41,[49]," Uniwersytet Ekonomiczny w Krakowie, Kraków",45.58,Slawomir,Smiech,M,11,11,288,16 (5.26 %),34,10,,,9 years (2013 - 2022).,https://citec.repec.org/p/m/pmi663.html
41,Grzegorz Marcjasz,pma2533,/f/pma2533.html,42,[46]," Katedra Badań Operacyjnych i Inteligencji Biznesowej, Politechnika Wrocławska, Wrocław",45.83,Grzegorz,Marcjasz,M,9,9,316,19 (5.67 %),12,15,,,6 years (2016 - 2022).,https://citec.repec.org/p/m/pma2533.html
42,Przemyslaw Kowalski,pko138,/e/pko138.html,43,[63]," CASE-Center for Social and Economic Research, Warszawa",48.57,Przemyslaw,Kowalski,M,8,7,366,4 (1.08 %),1,29,,1,15 years (2003 - 2018).,https://citec.repec.org/p/k/pko138.html
43,Lukasz Grzybowski,pgr230,/f/pgr230.html,44,[24]," Wydział Nauk Ekonomicznych, Uniwersytet Warszawski, Warszawa",49.69,Lukasz,Grzybowski,M,11,11,393,36 (8.39 %),29,46,,,18 years (2005 - 2023).,https://citec.repec.org/p/g/pgr230.html
44,Marek Gora,pgr440,/f/pgr440.html,45,[60]," Katedra Ekonomii I, Szkoła Główna Handlowa w Warszawie, Warszawa",49.95,Marek,Gora,M,6,4,173,13 (6.99 %),7,36,2,1,30 years (1991 - 2021).,https://citec.repec.org/p/g/pgr440.html
45,Marian W. Moszoro,pmo1093,/f/pmo1093.html,46,[53]," Katedra Ekonomii Biznesu, Szkoła Główna Handlowa w Warszawie, Warszawa",50.28,Marian,W. Moszoro,M,6,5,114,21 (15.56 %),12,44,,3,15 years (2008 - 2023).,https://citec.repec.org/p/m/pmo1093.html
46,Dariusz Kajetan Rosati,pro532,/f/pro532.html,47,[81]," Szkoła Główna Handlowa w Warszawie, Warszawa",51.94,Dariusz,Kajetan Rosati,M,,,,Unknown,,,,,Unknown,https://citec.repec.org/p/l/pro532.html
47,Karolina Safarzynska,psa706,/f/psa706.html,48,[65]," Wydział Nauk Ekonomicznych, Uniwersytet Warszawski, Warszawa",52.45,Karolina,Safarzynska,K,9,8,236,10 (4.07 %),18,3,,,15 years (2008 - 2023).,https://citec.repec.org/p/s/psa706.html
48,Jan Falkowski,pfa181,/e/pfa181.html,49,[59]," Wydział Nauk Ekonomicznych, Uniwersytet Warszawski, Warszawa",53.39,Jan,Falkowski,M,8,6,190,6 (3.06 %),21,33,,,14 years (2005 - 2019).,https://citec.repec.org/p/f/pfa181.html
49,Pawel Strzelecki,pst419,/f/pst419.html,50,[62]," Instytut Statystyki i Demografii, Szkoła Główna Handlowa w Warszawie, Warszawa Narodowy Bank Polski, Warszawa",54.3,Pawel,Strzelecki,M,7,5,167,5 (2.91 %),18,27,1,2,17 years (2005 - 2022).,https://citec.repec.org/p/s/pst419.html
50,Krzysztof Drachal,pdr170,/e/pdr170.html,51,[52]," Wydział Nauk Ekonomicznych, Uniwersytet Warszawski, Warszawa",55.32,Krzysztof,Drachal,M,4,2,104,7 (6.31 %),28,,,,9 years (2014 - 2023).,https://citec.repec.org/p/d/pdr170.html
51,Lukasz Lach,pla607,/f/pla607.html,52,[64]," Wydział Zarządzania, Akademia Górniczo-Hutnicza, Kraków",55.72,Lukasz,Lach,M,7,6,258,35 (11.95 %),25,28,,,12 years (2009 - 2021).,https://citec.repec.org/p/l/pla607.html
52,Anna Malgorzata Bartczak,pba889,/f/pba889.html,53,[67]," Wydział Nauk Ekonomicznych, Uniwersytet Warszawski, Warszawa",59.65,Anna,Malgorzata Bartczak,K,9,9,248,14 (5.34 %),19,20,,,21 years (2002 - 2023).,https://citec.repec.org/p/b/pba889.html
53,Bartosz Witkowski,pwi331,/f/pwi331.html,54,[54]," Instytut Ekonometrii, Szkoła Główna Handlowa w Warszawie, Warszawa",60.7,Bartosz,Witkowski,M,,,,Unknown,,,,,Unknown,https://citec.repec.org/p/s/pwi331.html
54,Marinko Skare,psk7,/e/psk7.html,55,[16]," Akademia Ekonomiczno-Humanistyczna w Warszawie, Warszawa",60.93,Marinko,Skare,M,9,9,306,13 (4.08 %),90,4,,3,21 years (2002 - 2023).,https://citec.repec.org/p/s/psk7.html
55,Monika Papiez,ppa966,/f/ppa966.html,56,[70]," Uniwersytet Ekonomiczny w Krakowie, Kraków",62.4,Monika,Papiez,K,9,9,226,10 (4.24 %),23,8,,,10 years (2010 - 2020).,https://citec.repec.org/p/p/ppa966.html
56,Michal Bernard Pietrzak,ppi160,/e/ppi160.html,57,[44]," Wydział Zarządzania i Ekonomii, Politechnika Gdańska, Gdańsk",63.22,Michal,Bernard Pietrzak,M,5,2,172,22 (11.34 %),43,60,,24,14 years (2008 - 2022).,https://citec.repec.org/p/p/ppi160.html
57,Krzysztof Rybinski,pry61,/e/pry61.html,58,[82]," Wydział Biznesu i Stosunków Międzynarodowych, Akademia Finansów i Biznesu Vistula, Warszawa",63.37,Krzysztof,Rybinski,M,5,4,220,2 (0.9 %),10,7,1,1,26 years (1996 - 2022).,https://citec.repec.org/p/r/pry61.html
58,Lucas Augusto van der Velde,pva661,/f/pva661.html,59,[83]," Instytut Statystyki i Demografii, Szkoła Główna Handlowa w Warszawie, Warszawa Group for Research in Applied Economics (GRAPE), Warszawa Wydział Nauk Ekonomicznych, Uniwersytet Warszawski, Warszawa",64.28,Lucas,Augusto van der Velde,M,6,4,119,17 (12.5 %),11,32,,,9 years (2013 - 2022).,https://citec.repec.org/p/v/pva661.html
59,Wiktor Budzinski,pbu485,/f/pbu485.html,60,[74]," Wydział Nauk Ekonomicznych, Uniwersytet Warszawski, Warszawa",65.12,Wiktor,Budzinski,M,6,5,189,11 (5.5 %),14,35,,,7 years (2014 - 2021).,https://citec.repec.org/p/b/pbu485.html
60,Wojciech Hardy,pha872,/f/pha872.html,61,[72]," Instytut Badań Strukturalnych, Warszawa Wydział Nauk Ekonomicznych, Uniwersytet Warszawski, Warszawa",65.47,Wojciech,Hardy,M,5,3,140,15 (9.68 %),9,21,,,9 years (2013 - 2022).,https://citec.repec.org/p/h/pha872.html
61,Robert Slepaczuk,ple519,/f/ple519.html,62,[57]," Wydział Nauk Ekonomicznych, Uniwersytet Warszawski, Warszawa",65.72,Robert,Slepaczuk,M,3,1,34,18 (34.62 %),16,48,,,19 years (2004 - 2023).,https://citec.repec.org/p/l/ple519.html
62,Katarzyna Sznajd-Weron,psz52,/e/psz52.html,63,[73]," Katedra Systemów Zarządzania i Rozwoju Organizacji, Politechnika Wrocławska, Wrocław",66.29,Katarzyna,Sznajd-Weron,K,8,7,375,17 (4.34 %),30,25,,1,25 years (1997 - 2022).,https://citec.repec.org/p/s/psz52.html
63,Mariusz Prochniak,ppr223,/f/ppr223.html,64,[66]," Katedra Ekonomii II, Szkoła Główna Handlowa w Warszawie, Warszawa",66.29,Mariusz,Prochniak,M,,,,Unknown,,,,,Unknown,https://citec.repec.org/p/a/ppr223.html
64,Piotr Żoch,pzo92,/e/pzo92.html,65,[100]," Group for Research in Applied Economics (GRAPE), Warszawa Wydział Nauk Ekonomicznych, Uniwersytet Warszawski, Warszawa",66.3,Piotr,Żoch,M,,,,Unknown,,,,,Unknown,https://citec.repec.org/p/b/pzo92.html
65,Magdalena Kapelko,pka1244,/f/pka1244.html,66,[69]," Uniwersytet Ekonomiczny we Wrocławiu, Wrocław",67.05,Magdalena,Kapelko,K,9,9,223,24 (9.72 %),35,6,,3,16 years (2007 - 2023).,https://citec.repec.org/p/k/pka1244.html
66,Karolina Goraus-Tanska,pgo656,/f/pgo656.html,67,[91]," Wydział Nauk Ekonomicznych, Uniwersytet Warszawski, Warszawa",68.66,Karolina,Goraus-Tanska,K,8,7,199,7 (3.4 %),6,17,,,7 years (2013 - 2020).,https://citec.repec.org/p/g/pgo656.html
67,Anna Staszewska-Bystrova,pst268,/f/pst268.html,68,[98]," Katedra Modeli i Prognoz Ekonometrycznych, Wydział Ekonomiczno-Socjologiczny, Uniwersytet Łódzki, Łódź",68.72,Anna,Staszewska-Bystrova,K,7,4,139,27 (16.27 %),19,21,,,16 years (2006 - 2022).,https://citec.repec.org/p/s/pst268.html
68,Piotr Cizkowicz,pci76,/e/pci76.html,69,[78]," Katedra Międzynarodowych Studiów Porównawczych, Szkoła Główna Handlowa w Warszawie, Warszawa",68.83,Piotr,Cizkowicz,M,8,4,132,11 (7.69 %),21,21,,,19 years (2003 - 2022).,https://citec.repec.org/p/c/pci76.html
69,Lukasz Balbus,pba1023,/f/pba1023.html,70,[87]," Wydział Matematyki, Informatyki i Ekonometrii, Uniwersytet Zielonogórski, Zielona Góra",70.79,Lukasz,Balbus,M,7,4,114,17 (12.98 %),18,3,,,16 years (2004 - 2020).,https://citec.repec.org/p/b/pba1023.html
70,Jacek Suda,psu231,/f/psu231.html,71,[95]," Group for Research in Applied Economics (GRAPE), Warszawa Katedra Ekonomii Ilościowej, Szkoła Główna Handlowa w Warszawie, Warszawa Narodowy Bank Polski, Warszawa",71.07,Jacek,Suda,M,3,3,54,2 (3.57 %),8,20,,,15 years (2008 - 2023).,https://citec.repec.org/p/s/psu231.html
71,Lukasz Patryk Wozny,pwo83,/e/pwo83.html,72,[85]," Katedra Ekonomii Ilościowej, Szkoła Główna Handlowa w Warszawie, Warszawa",71.73,Lukasz,Patryk Wozny,M,6,3,101,15 (12.93 %),16,11,,,14 years (2008 - 2022).,https://citec.repec.org/p/w/pwo83.html
72,Marek Giergiczny,pgi254,/f/pgi254.html,73,[86]," Wydział Nauk Ekonomicznych, Uniwersytet Warszawski, Warszawa",73.52,Marek,Giergiczny,M,,,,Unknown,,,,,Unknown,https://citec.repec.org/p/b/pgi254.html
73,Aleksander Welfe,pwe261,/f/pwe261.html,74,[84]," Katedra Modeli i Prognoz Ekonometrycznych, Wydział Ekonomiczno-Socjologiczny, Uniwersytet Łódzki, Łódź Zakład Ekonometrii Stosowanej, Szkoła Główna Handlowa w Warszawie, Warszawa",73.59,Aleksander,Welfe,M,7,5,131,12 (8.39 %),26,5,,2,33 years (1990 - 2023).,https://citec.repec.org/p/w/pwe261.html
74,Ewa Stanislawska,pst759,/f/pst759.html,75,[58]," Narodowy Bank Polski, Warszawa",74.16,Ewa,Stanislawska,K,7,1,111,12 (9.76 %),8,23,1,,16 years (2006 - 2022).,https://citec.repec.org/p/s/pst759.html
75,Andrzej Rzonca,prz6,/e/prz6.html,76,[93]," Katedra Międzynarodowych Studiów Porównawczych, Szkoła Główna Handlowa w Warszawie, Warszawa",76.21,Andrzej,Rzonca,M,8,5,132,8 (5.71 %),16,20,1,,16 years (2003 - 2019).,https://citec.repec.org/p/r/prz6.html
76,Andrzej Kociecki,pko417,/f/pko417.html,77,[97]," Wydział Nauk Ekonomicznych, Uniwersytet Warszawski, Warszawa Narodowy Bank Polski, Warszawa",77.73,Andrzej,Kociecki,M,5,2,64,1 (1.54 %),5,18,,,20 years (2003 - 2023).,https://citec.repec.org/p/k/pko417.html
77,Anna Kowalska-Pyzalska,pko566,/f/pko566.html,78,[99]," Wydział Zarządzania, Politechnika Wrocławska, Wrocław Katedra Badań Operacyjnych i Inteligencji Biznesowej, Politechnika Wrocławska, Wrocław",78.76,Anna,Kowalska-Pyzalska,K,6,5,170,22 (11.46 %),8,24,,,11 years (2009 - 2020).,https://citec.repec.org/p/k/pko566.html
78,Marek Pawel Dabrowski,pda247,/f/pda247.html,79,[20]," CASE-Center for Social and Economic Research, Warszawa",79.88,Marek,Pawel Dabrowski,M,8,6,302,27 (8.21 %),33,78,2,8,31 years (1992 - 2023).,https://citec.repec.org/p/d/pda247.html
79,Yuriy Bilan,pbi147,/e/pbi147.html,80,[89]," Wydział Ekonomii, Finansów i Zarządzania, Uniwersytet Szczecinski, Szczecin",80.24,Yuriy,Bilan,M,11,12,387,7 (1.78 %),29,,,,7 years (2013 - 2020).,https://citec.repec.org/p/b/pbi147.html
80,Malgorzata Knauff,pkn38,/e/pkn38.html,81,[112]," Katedra Ekonomii Ilościowej, Szkoła Główna Handlowa w Warszawie, Warszawa",80.54,Malgorzata,Knauff,K,5,3,121,0 (0 %),9,6,,,16 years (2005 - 2021).,https://citec.repec.org/p/k/pkn38.html
81,Mateusz Pipien,ppi193,/e/ppi193.html,82,[92]," Uniwersytet Ekonomiczny w Krakowie, Kraków",83.26,Mateusz,Pipien,M,5,5,142,9 (5.96 %),19,17,,8,18 years (2004 - 2022).,https://citec.repec.org/p/p/ppi193.html
82,Tomasz Zylicz,pzy3,/e/pzy3.html,83,[104]," Wydział Nauk Ekonomicznych, Uniwersytet Warszawski, Warszawa",83.29,Tomasz,Zylicz,M,7,5,182,9 (4.71 %),13,13,1,,28 years (1993 - 2021).,https://citec.repec.org/p/z/pzy3.html
83,Martyna Kobus,pko493,/f/pko493.html,84,[127]," Instytut Nauk Ekonomicznych, Polska Akademia Nauk, Warszawa",84.38,Martyna,Kobus,K,5,3,122,5 (3.94 %),8,14,,,9 years (2008 - 2017).,https://citec.repec.org/p/k/pko493.html
84,Katarzyna Zawalinska,pza223,/f/pza223.html,85,[107]," Instytut Rozwoju Wsi i Rolnictwa (IRWiR), Polska Akademia Nauk, Warszawa",86.17,Katarzyna,Zawalinska,K,6,5,350,3 (0.85 %),9,15,,1,21 years (1999 - 2020).,https://citec.repec.org/p/z/pza223.html
85,Malgorzata Pawlowska,ppa826,/f/ppa826.html,86,[71]," Narodowy Bank Polski, Warszawa Szkoła Główna Handlowa w Warszawie, Warszawa",87.56,Malgorzata,Pawlowska,K,4,3,87,6 (6.45 %),16,11,2,7,20 years (2002 - 2022).,https://citec.repec.org/p/p/ppa826.html
86,Aleksander Weron,pwe437,/f/pwe437.html,87,[103]," Hugo Steinhaus Center for Stochastic Methods, Politechnika Wrocławska, Wrocław",88.4,Aleksander,Weron,M,5,3,194,6 (3 %),12,16,3,,35 years (1976 - 2011).,https://citec.repec.org/p/w/pwe437.html
87,Luca Barbone,pba902,/f/pba902.html,88,[124]," CASE-Center for Social and Economic Research, Warszawa",88.52,Luca,Barbone,K,,,,Unknown,,,,,Unknown,https://citec.repec.org/p/a/pba902.html
88,Anna Matysiak,pma1062,/f/pma1062.html,89,[101]," Wydział Nauk Ekonomicznych, Uniwersytet Warszawski, Warszawa",88.55,Anna,Matysiak,K,10,11,272,25 (8.42 %),16,22,,,13 years (2006 - 2019).,https://citec.repec.org/p/m/pma1062.html
89,Karol Szafranek,psz65,/e/psz65.html,90,[76]," Narodowy Bank Polski, Warszawa Szkoła Główna Handlowa w Warszawie, Warszawa",89.17,Karol,Szafranek,M,4,2,53,11 (17.19 %),12,11,,,8 years (2015 - 2023).,https://citec.repec.org/p/s/psz65.html
90,Krzysztof Szczygielski,psz48,/e/psz48.html,91,[115]," Wydział Nauk Ekonomicznych, Uniwersytet Warszawski, Warszawa",90.54,Krzysztof,Szczygielski,M,5,2,106,6 (5.36 %),17,21,,1,16 years (2006 - 2022).,https://citec.repec.org/p/s/psz48.html
91,Maciej Jakubowski,pja168,/e/pja168.html,92,[77]," Wydział Nauk Ekonomicznych, Uniwersytet Warszawski, Warszawa",90.81,Maciej,Jakubowski,M,5,2,69,7 (9.21 %),12,18,,1,17 years (2006 - 2023).,https://citec.repec.org/p/j/pja168.html
92,Piotr Leszek Stanek,pst555,/f/pst555.html,93,[116]," Uniwersytet Ekonomiczny w Krakowie, Kraków",91.27,Piotr,Leszek Stanek,M,6,6,120,7 (5.51 %),14,20,,,19 years (2004 - 2023).,https://citec.repec.org/p/s/pst555.html
93,Maciej Albinowski,pal855,/f/pal855.html,94,[110]," Instytut Badań Strukturalnych, Warszawa",92.36,Maciej,Albinowski,M,3,2,33,1 (2.94 %),4,14,,,10 years (2013 - 2023).,https://citec.repec.org/p/a/pal855.html
94,Lukasz Goczek,pgo201,/f/pgo201.html,95,[88]," Wydział Nauk Ekonomicznych, Uniwersytet Warszawski, Warszawa",95.31,Lukasz,Goczek,M,5,1,101,11 (9.82 %),33,8,,,16 years (2007 - 2023).,https://citec.repec.org/p/g/pgo201.html
95,Piotr Fiszeder,pfi197,/e/pfi197.html,96,[90]," Wydział Nauk Ekonomicznych i Zarządzania, Uniwersytet Mikolaja Kopernika w Toruniu, Toruń",95.49,Piotr,Fiszeder,M,5,2,80,12 (13.04 %),20,1,,5,19 years (2004 - 2023).,https://citec.repec.org/p/f/pfi197.html
96,Michal Gradzewicz,pgr291,/f/pgr291.html,97,[119]," Katedra Ekonomii I, Szkoła Główna Handlowa w Warszawie, Warszawa Narodowy Bank Polski, Warszawa",98.0,Michal,Gradzewicz,M,5,3,82,5 (5.75 %),7,20,,1,18 years (2004 - 2022).,https://citec.repec.org/p/g/pgr291.html
97,Anna Jaskiewicz,pja352,/f/pja352.html,98,[131]," Instytut Matematyki i Informatyki, Politechnika Wrocławska, Wrocław",98.44,Anna,Jaskiewicz,K,5,2,84,15 (15.15 %),23,2,,1,20 years (2001 - 2021).,https://citec.repec.org/p/j/pja352.html
98,Oskar Kowalewski,pko104,/e/pko104.html,99,[15]," Instytut Nauk Ekonomicznych, Polska Akademia Nauk, Warszawa",99.05,Oskar,Kowalewski,M,14,18,622,47 (7.03 %),39,86,1,2,18 years (2005 - 2023).,https://citec.repec.org/p/k/pko104.html
99,Grzegorz Wesolowski,pwe303,/f/pwe303.html,100,[129]," Wydział Nauk Ekonomicznych, Uniwersytet Warszawski, Warszawa Narodowy Bank Polski, Warszawa",99.2,Grzegorz,Wesolowski,M,3,1,53,4 (7.02 %),6,14,,1,11 years (2012 - 2023).,https://citec.repec.org/p/w/pwe303.html
100,Jacek Kotlowski,pko431,/f/pko431.html,101,[114]," Zakład Ekonometrii Stosowanej, Szkoła Główna Handlowa w Warszawie, Warszawa Instytut Ekonometrii, Szkoła Główna Handlowa w Warszawie, Warszawa Narodowy Bank Polski, Warszawa",100.29,Jacek,Kotlowski,M,5,2,70,2 (2.78 %),9,21,,,18 years (2005 - 2023).,https://citec.repec.org/p/k/pko431.html
101,Ernest Pytlarczyk,ppy5,/e/ppy5.html,102,[147],,100.39,Ernest,Pytlarczyk,M,,,,Unknown,,,,,Unknown,https://citec.repec.org/p/a/ppy5.html
102,Ryszard Rapacki,pra573,/f/pra573.html,103,[94]," Katedra Ekonomii II, Szkoła Główna Handlowa w Warszawie, Warszawa",100.74,Ryszard,Rapacki,M,4,3,98,13 (11.71 %),20,12,1,,39 years (1981 - 2020).,https://citec.repec.org/p/r/pra573.html
103,Olga Kiuila,pki34,/e/pki34.html,104,[133]," Wydział Nauk Ekonomicznych, Uniwersytet Warszawski, Warszawa",100.86,Olga,Kiuila,K,5,3,93,11 (10.58 %),15,12,,,22 years (1999 - 2021).,https://citec.repec.org/p/k/pki34.html
104,Jan Jakub Michałek,pmi274,/f/pmi274.html,105,[102]," Wydział Nauk Ekonomicznych, Uniwersytet Warszawski, Warszawa",101.55,Jan,Jakub Michałek,M,6,2,100,8 (7.41 %),31,9,,,24 years (1999 - 2023).,https://citec.repec.org/p/m/pmi274.html
105,Jan Witajewski-Baltvilks,pwi380,/f/pwi380.html,106,[117]," Wydział Nauk Ekonomicznych, Uniwersytet Warszawski, Warszawa",102.58,Jan,Witajewski-Baltvilks,M,5,3,88,10 (10.2 %),10,20,,,8 years (2014 - 2022).,https://citec.repec.org/p/w/pwi380.html
106,Tadeusz Radzik,pra517,/f/pra517.html,107,[148],,103.69,Tadeusz,Radzik,M,,,,Unknown,,,,,Unknown,https://citec.repec.org/p/d/pra517.html
107,Muhammad Sadiq,psa2033,/f/psa2033.html,108,[123]," Akademia Ekonomiczno-Humanistyczna w Warszawie, Warszawa",106.63,Muhammad,Sadiq,M,8,7,227,6 (2.58 %),22,1,,,4 years (2019 - 2023).,https://citec.repec.org/p/s/psa2033.html
108,Pawel Strawinski,pst197,/e/pst197.html,109,[106]," Wydział Nauk Ekonomicznych, Uniwersytet Warszawski, Warszawa",107.19,Pawel,Strawinski,M,3,1,59,5 (7.81 %),17,27,,,15 years (2007 - 2022).,https://citec.repec.org/p/s/pst197.html
109,Barbara Bedowska-Sojka,pbe727,/f/pbe727.html,110,[105]," Uniwersytet Ekonomiczny w Poznaniu, Poznań",107.95,Barbara,Bedowska-Sojka,K,5,2,84,12 (12.5 %),28,,,6,12 years (2010 - 2022).,https://citec.repec.org/p/b/pbe727.html
110,Tomasz Chmielewski,pch564,/f/pch564.html,111,[143]," Szkoła Główna Handlowa w Warszawie, Warszawa",108.05,Tomasz,Chmielewski,M,6,3,122,2 (1.61 %),2,14,,,17 years (2004 - 2021).,https://citec.repec.org/p/c/pch564.html
111,Magdalena Klimczuk-Kochanska,pkl141,/e/pkl141.html,112,[109]," Wydział Zarządzania, Uniwersytet Warszawski, Warszawa",108.11,Magdalena,Klimczuk-Kochanska,K,5,1,56,21 (27.27 %),18,32,,,13 years (2007 - 2020).,https://citec.repec.org/p/k/pkl141.html
112,Agata Kliber,pkl118,/e/pkl118.html,113,[113]," Uniwersytet Ekonomiczny w Poznaniu, Poznań",108.15,Agata,Kliber,K,5,2,94,10 (9.62 %),25,,,3,11 years (2011 - 2022).,https://citec.repec.org/p/k/pkl118.html
113,Cezary Wojcik,pwo54,/e/pwo54.html,114,[138]," Szkoła Główna Handlowa w Warszawie, Warszawa",109.23,Cezary,Wojcik,M,6,4,121,6 (4.72 %),9,6,,,18 years (2003 - 2021).,https://citec.repec.org/p/w/pwo54.html
114,Adam P. Balcerzak Sr.,pba1247,/f/pba1247.html,115,[96],"Wydział Nauk Ekonomicznych, Universytet Warmi&nacute;sko Mazurski w Olsztynie, Olsztyn",109.97,Adam,P. Balcerzak Sr.,M,7,5,152,11 (6.75 %),15,42,,22,10 years (2008 - 2018).,https://citec.repec.org/p/b/pba1247.html
115,Marek A. Dabrowski,pdb2,/e/pdb2.html,116,[125]," Uniwersytet Ekonomiczny w Krakowie, Kraków",110.3,Marek,A. Dabrowski,M,5,2,58,8 (12.12 %),17,10,,,9 years (2013 - 2022).,https://citec.repec.org/p/d/pdb2.html
116,Pawel Skrzypczynski,psk39,/e/psk39.html,117,[166]," Narodowy Bank Polski, Warszawa",110.38,Pawel,Skrzypczynski,M,3,2,121,4 (3.2 %),4,6,,,5 years (2007 - 2012).,https://citec.repec.org/p/s/psk39.html
117,Marcin Jakubek,pja353,/f/pja353.html,118,[153]," Instytut Nauk Ekonomicznych, Polska Akademia Nauk, Warszawa",110.64,Marcin,Jakubek,M,5,2,71,9 (11.25 %),18,36,,2,9 years (2011 - 2020).,https://citec.repec.org/p/j/pja353.html
118,Wojciech Grabowski,pgr382,/f/pgr382.html,119,[126]," Katedra Modeli i Prognoz Ekonometrycznych, Wydział Ekonomiczno-Socjologiczny, Uniwersytet Łódzki, Łódź",110.68,Wojciech,Grabowski,M,4,1,94,8 (7.84 %),23,7,,1,12 years (2009 - 2021).,https://citec.repec.org/p/g/pgr382.html
119,Krzysztof Burnecki,pbu210,/f/pbu210.html,120,[134]," Hugo Steinhaus Center for Stochastic Methods, Politechnika Wrocławska, Wrocław",112.02,Krzysztof,Burnecki,M,7,4,147,23 (13.53 %),19,24,,,25 years (1997 - 2022).,https://citec.repec.org/p/b/pbu210.html
120,Roma Keister,pke289,/f/pke289.html,121,[155]," Instytut Badań Strukturalnych, Warszawa",112.52,Roma,Keister,K,,,,Unknown,,,,,Unknown,https://citec.repec.org/p/a/pke289.html
121,Andrzej Toroj,pto209,/f/pto209.html,122,[111]," Zakład Ekonometrii Stosowanej, Szkoła Główna Handlowa w Warszawie, Warszawa",114.26,Andrzej,Toroj,M,2,1,51,3 (5.56 %),18,17,,,11 years (2008 - 2019).,https://citec.repec.org/p/t/pto209.html
122,Jerzy Mycielski,pmy15,/e/pmy15.html,123,[139]," Wydział Nauk Ekonomicznych, Uniwersytet Warszawski, Warszawa",115.55,Jerzy,Mycielski,M,6,3,135,0 (0 %),15,5,,,21 years (2000 - 2021).,https://citec.repec.org/p/m/pmy15.html
123,Ewa Lechman,ple411,/f/ple411.html,124,[118]," Wydział Zarządzania i Ekonomii, Politechnika Gdańska, Gdańsk",118.82,Ewa,Lechman,K,4,1,73,9 (10.98 %),8,34,2,,10 years (2009 - 2019).,https://citec.repec.org/p/l/ple411.html
124,Ryszard Kokoszczynski,pko306,/f/pko306.html,125,[136]," Wydział Nauk Ekonomicznych, Uniwersytet Warszawski, Warszawa Narodowy Bank Polski, Warszawa",119.4,Ryszard,Kokoszczynski,M,3,1,64,0 (0 %),13,12,1,1,32 years (1988 - 2020).,https://citec.repec.org/p/k/pko306.html
125,Tomasz Brodzicki,pbr27,/e/pbr27.html,126,[108]," Instytut Rozwoju, Sopot Wydział Ekonomiczny, Uniwersytet Gdanski, Gdansk",119.56,Tomasz,Brodzicki,M,4,1,61,15 (19.74 %),13,37,,,17 years (2003 - 2020).,https://citec.repec.org/p/b/pbr27.html
126,Aneta Hryckiewicz,phr30,/e/phr30.html,127,[80]," Akademia Leona Koźmińskiego, Warszawa",120.05,Aneta,Hryckiewicz,K,,,,Unknown,,,,,Unknown,https://citec.repec.org/p/c/phr30.html
127,Pawel Gajewski,pga765,/f/pga765.html,128,[144]," Wydział Ekonomiczno-Socjologiczny, Uniwersytet Łódzki, Łódź",121.41,Pawel,Gajewski,M,5,2,65,5 (7.14 %),20,8,,,16 years (2007 - 2023).,https://citec.repec.org/p/g/pga765.html
128,Leszek Morawski,pmo575,/f/pmo575.html,129,[146]," Wydział Nauk Ekonomicznych, Uniwersytet Warszawski, Warszawa",121.45,Leszek,Morawski,M,,,,Unknown,,,,,Unknown,https://citec.repec.org/p/l/pmo575.html
129,Marek Weretka,pwe427,/f/pwe427.html,130,[23]," Group for Research in Applied Economics (GRAPE), Warszawa",123.01,Marek,Weretka,M,,,,Unknown,,,,,Unknown,https://citec.repec.org/p/l/pwe427.html
130,Marcin Waldemar Staniewski,pst899,/f/pst899.html,131,[122]," Akademia Ekonomiczno-Humanistyczna w Warszawie, Warszawa Akademia Ekonomiczno-Humanistyczna w Warszawie",124.09,Marcin,Waldemar Staniewski,M,6,2,81,3 (3.57 %),24,,,,16 years (2007 - 2023).,https://citec.repec.org/p/s/pst899.html
131,Krzysztof Olszewski,pol112,/e/pol112.html,132,[132]," Katedra Analiz Rynku i Konkurencji, Szkoła Główna Handlowa w Warszawie, Warszawa Narodowy Bank Polski, Warszawa",124.53,Krzysztof,Olszewski,M,,,,Unknown,,,,,Unknown,https://citec.repec.org/p/a/pol112.html
132,Malgorzata Iwanicz-Drozdowska,piw11,/e/piw11.html,133,[128]," Szkoła Główna Handlowa w Warszawie, Warszawa",127.24,Malgorzata,Iwanicz-Drozdowska,K,,,,Unknown,,,,,Unknown,https://citec.repec.org/p/h/piw11.html
133,Witold Kwasnicki,pkw4,/e/pkw4.html,134,[176]," Instytut Nauk Ekonomicznych, Wydział Prawa, Administracji i Ekonomii, Uniwersytet Wroclawski, Wroclaw",128.32,Witold,Kwasnicki,M,4,3,69,4 (5.48 %),4,8,1,3,26 years (1992 - 2018).,https://citec.repec.org/p/k/pkw4.html
134,Anna Sznajderska,psz46,/e/psz46.html,135,[152]," Instytut Ekonometrii, Szkoła Główna Handlowa w Warszawie, Warszawa",128.57,Anna,Sznajderska,K,,,,Unknown,,,,,Unknown,https://citec.repec.org/p/b/psz46.html
135,Magdalena Smyk,psm175,/e/psm175.html,136,[168]," Instytut Statystyki i Demografii, Szkoła Główna Handlowa w Warszawie, Warszawa Group for Research in Applied Economics (GRAPE), Warszawa",128.94,Magdalena,Smyk,K,3,1,32,0 (0 %),5,19,,,9 years (2013 - 2022).,https://citec.repec.org/p/s/psm175.html
136,Ewa Wrobel,pwr28,/e/pwr28.html,137,[150]," Narodowy Bank Polski, Warszawa",130.06,Ewa,Wrobel,K,,,,Unknown,,,,,Unknown,https://citec.repec.org/p/l/pwr28.html
137,Sylwester Kozak,pko1082,/f/pko1082.html,138,[163]," Katedra Ekonomii i Polityki Gospodarczej, Wydział Nauk Ekonomicznych, Szkoła Główna Gospodarstwa Wiejskiego (SGGW), Warszawa",132.38,Sylwester,Kozak,M,,,,Unknown,,,,,Unknown,https://citec.repec.org/p/b/pko1082.html
138,Muhammad Saeed Meo,pme803,/f/pme803.html,139,[162]," Akademia Ekonomiczno-Humanistyczna w Warszawie, Warszawa",133.5,Muhammad,Saeed Meo,M,,,,Unknown,,,,,Unknown,https://citec.repec.org/p/e/pme803.html
139,Piotr Wojcik,pwj1,/e/pwj1.html,140,[137]," Wydział Nauk Ekonomicznych, Uniwersytet Warszawski, Warszawa",134.57,Piotr,Wojcik,M,,,,Unknown,,,,,Unknown,https://citec.repec.org/p/c/pwj1.html
140,Joanna Siwinska-Gorzelak,psi449,/f/psi449.html,141,[165]," Wydział Nauk Ekonomicznych, Uniwersytet Warszawski, Warszawa",134.6,Joanna,Siwinska-Gorzelak,K,,,,Unknown,,,,,Unknown,https://citec.repec.org/p/d/psi449.html
141,Wlodzimierz Okrasa,pok28,/e/pok28.html,142,[187],,135.89,Wlodzimierz,Okrasa,M,,,,Unknown,,,,,Unknown,https://citec.repec.org/p/a/pok28.html
142,Jacek Liwinski,pli779,/f/pli779.html,143,[154]," Wydział Nauk Ekonomicznych, Uniwersytet Warszawski, Warszawa",138.16,Jacek,Liwinski,M,,,,Unknown,,,,,Unknown,https://citec.repec.org/p/c/pli779.html
143,Katarzyna Kopczewska,pko518,/f/pko518.html,144,[142]," Wydział Nauk Ekonomicznych, Uniwersytet Warszawski, Warszawa",138.29,Katarzyna,Kopczewska,K,3,1,36,6 (14.29 %),22,2,1,,13 years (2009 - 2022).,https://citec.repec.org/p/k/pko518.html
144,Mario Arturo Ruiz Estrada,pru58,/e/pru58.html,145,[51]," Akademia Ekonomiczno-Humanistyczna w Warszawie, Warszawa",138.58,Mario,Arturo Ruiz Estrada,M,7,3,109,36 (24.83 %),37,18,,,16 years (2004 - 2020).,https://citec.repec.org/p/r/pru58.html
145,Victor Bystrov,pby15,/e/pby15.html,146,[174]," Instytutu Ekonomii, Wydział Ekonomiczno-Socjologiczny, Uniwersytet Łódzki, Łódź",140.6,Victor,Bystrov,M,3,1,46,4 (8 %),11,11,,,16 years (2006 - 2022).,https://citec.repec.org/p/b/pby15.html
146,Adam Szulc,psz40,/e/psz40.html,147,[178]," Instytut Statystyki i Demografii, Szkoła Główna Handlowa w Warszawie, Warszawa",142.59,Adam,Szulc,M,4,2,48,2 (4 %),12,5,,1,27 years (1995 - 2022).,https://citec.repec.org/p/s/psz40.html
147,Natalia Nehrebecka,pne161,/e/pne161.html,148,[120]," Wydział Nauk Ekonomicznych, Uniwersytet Warszawski, Warszawa Narodowy Bank Polski, Warszawa",143.41,Natalia,Nehrebecka,K,3,0,30,11 (26.83 %),25,10,,3,12 years (2009 - 2021).,https://citec.repec.org/p/n/pne161.html
148,Kamil Makiela,pma2182,/f/pma2182.html,149,[169]," Uniwersytet Ekonomiczny w Krakowie, Kraków",144.72,Kamil,Makiela,M,3,1,57,6 (9.52 %),9,4,,,12 years (2009 - 2021).,https://citec.repec.org/p/m/pma2182.html
149,Piotr Misztal,pmi197,/e/pmi197.html,150,[141]," Wydział Zarządzania i Administracji, Uniwersytet Jana Kochanowskiego w Kielcach, Kielce",145.02,Piotr,Misztal,M,4,3,65,0 (0 %),25,1,,,14 years (2007 - 2021).,https://citec.repec.org/p/m/pmi197.html
150,Pawel Kaczmarczyk,pka834,/f/pka834.html,151,[140]," Wydział Nauk Ekonomicznych, Uniwersytet Warszawski, Warszawa Ośrodek Badań nad Migracjami, Uniwersytet Warszawski, Warszawa",146.88,Pawel,Kaczmarczyk,M,4,1,62,4 (6.06 %),5,7,,,15 years (2008 - 2023).,https://citec.repec.org/p/k/pka834.html
151,Dorota Skala,psk53,/e/psk53.html,152,[173]," Wydział Ekonomii, Finansów i Zarządzania, Uniwersytet Szczecinski, Szczecin",147.41,Dorota,Skala,K,3,3,50,0 (0 %),7,6,,,15 years (2008 - 2023).,https://citec.repec.org/p/s/psk53.html
152,Marcin Blazejowski,pba904,/f/pba904.html,153,[172]," Wyższa Szkoła Bankowa w Toruniu, Toruń",148.64,Marcin,Blazejowski,M,4,0,30,8 (21.05 %),9,11,,1,10 years (2013 - 2023).,https://citec.repec.org/p/b/pba904.html
153,Pawel Kopiec,pko886,/f/pko886.html,154,[182]," Katedra Ekonomii Ilościowej, Szkoła Główna Handlowa w Warszawie, Warszawa Narodowy Bank Polski, Warszawa",149.06,Pawel,Kopiec,M,2,0,7,4 (36.36 %),7,9,,,6 years (2017 - 2023).,https://citec.repec.org/p/k/pko886.html
154,Jan Przystupa,ppr218,/f/ppr218.html,155,[181]," Instytut Badań Rynku, Konsumpcji i Koniunktur (IBRKK), Warszawa Narodowy Bank Polski, Warszawa",149.52,Jan,Przystupa,M,7,5,119,4 (3.25 %),2,12,2,,18 years (2002 - 2020).,https://citec.repec.org/p/p/ppr218.html
155,Magdalena Olczyk,pol97,/e/pol97.html,156,[161]," Wydział Zarządzania i Ekonomii, Politechnika Gdańska, Gdańsk",149.71,Magdalena,Olczyk,K,4,3,72,2 (2.7 %),12,12,,,13 years (2008 - 2021).,https://citec.repec.org/p/o/pol97.html
156,Malgorzata Anna Olszak,pol176,/e/pol176.html,157,[179]," Wydział Zarządzania, Uniwersytet Warszawski, Warszawa",150.74,Malgorzata,Anna Olszak,K,4,1,66,6 (8.33 %),13,15,,,6 years (2012 - 2018).,https://citec.repec.org/p/o/pol176.html
157,Aleksandra Halka,pha1168,/f/pha1168.html,158,[170]," Narodowy Bank Polski, Warszawa",152.89,Aleksandra,Halka,K,4,1,39,3 (7.14 %),8,11,,,11 years (2011 - 2022).,https://citec.repec.org/p/h/pha1168.html
158,Edward W. Piotrowski,ppi16,/e/ppi16.html,159,[135]," Ekonofizyka, Uniwersytet Slaski, Katowice",153.39,Edward,W. Piotrowski,M,,,,Unknown,,,,,Unknown,https://citec.repec.org/p/c/ppi16.html
159,Joanna Mackiewicz-Lyziak,pma2968,/f/pma2968.html,160,[156]," Wydział Nauk Ekonomicznych, Uniwersytet Warszawski, Warszawa",153.67,Joanna,Mackiewicz-Lyziak,K,3,1,38,1 (2.56 %),14,1,1,,15 years (2007 - 2022).,https://citec.repec.org/p/m/pma2968.html
160,Bogumil Kaminski,pka509,/f/pka509.html,161,[177]," Zakład Wspomagania i Analizy Decyzji, Szkoła Główna Handlowa w Warszawie, Warszawa",154.42,Bogumil,Kaminski,M,5,1,62,5 (7.46 %),19,7,,2,16 years (2006 - 2022).,https://citec.repec.org/p/k/pka509.html
161,Mariusz Kapuscinski,pka958,/f/pka958.html,162,[151]," Instytut Nauk Ekonomicznych, Polska Akademia Nauk, Warszawa",155.22,Mariusz,Kapuscinski,M,5,1,39,3 (7.14 %),4,13,,,9 years (2014 - 2023).,https://citec.repec.org/p/k/pka958.html
162,Jan Brzozowski,pbr646,/f/pbr646.html,163,[167],,156.88,Jan,Brzozowski,M,5,1,63,2 (3.08 %),11,4,,,12 years (2010 - 2022).,https://citec.repec.org/p/b/pbr646.html
163,Aleksandra Kordalska,pko856,/f/pko856.html,164,[160]," Wydział Zarządzania i Ekonomii, Politechnika Gdańska, Gdańsk",158.56,Aleksandra,Kordalska,K,4,2,57,4 (6.56 %),9,8,,,8 years (2014 - 2022).,https://citec.repec.org/p/k/pko856.html
164,Marcin Chlebus,pch1469,/f/pch1469.html,165,[130]," Wydział Nauk Ekonomicznych, Uniwersytet Warszawski, Warszawa",159.04,Marcin,Chlebus,M,2,0,8,6 (42.86 %),8,17,,1,7 years (2014 - 2021).,https://citec.repec.org/p/c/pch1469.html
165,Tadeusz Kowalski,pko340,/f/pko340.html,166,[185]," Uniwersytet Ekonomiczny w Poznaniu, Poznań",159.12,Tadeusz,Kowalski,M,5,2,62,10 (13.89 %),7,11,,1,23 years (2000 - 2023).,https://citec.repec.org/p/k/pko340.html
166,Renata Karkowska,pka912,/f/pka912.html,167,[175]," Wydział Zarządzania, Uniwersytet Warszawski, Warszawa",162.76,Renata,Karkowska,K,3,2,35,4 (10.26 %),17,9,,1,22 years (2000 - 2022).,https://citec.repec.org/p/k/pka912.html
167,Magdalena Beata Osinska,pos69,/e/pos69.html,168,[157]," Wydział Nauk Ekonomicznych i Zarządzania, Uniwersytet Mikolaja Kopernika w Toruniu, Toruń",163.75,Magdalena,Beata Osinska,K,3,0,30,4 (11.76 %),25,4,,7,27 years (1996 - 2023).,https://citec.repec.org/p/o/pos69.html
168,Krzysztof Wach,pwa500,/f/pwa500.html,169,[190]," Uniwersytet Ekonomiczny w Krakowie, Kraków",164.09,Krzysztof,Wach,M,,,,Unknown,,,,,Unknown,https://citec.repec.org/p/c/pwa500.html
169,Tomasz Serafin,pse644,/f/pse644.html,170,[196]," Katedra Badań Operacyjnych i Inteligencji Biznesowej, Politechnika Wrocławska, Wrocław",165.14,Tomasz,Serafin,M,4,4,84,7 (7.69 %),4,7,,,3 years (2018 - 2021).,https://citec.repec.org/p/s/pse644.html
170,Ewa Cukrowska-Torzewska,pcu159,/e/pcu159.html,171,[183]," Wydział Nauk Ekonomicznych, Uniwersytet Warszawski, Warszawa",166.67,Ewa,Cukrowska-Torzewska,K,3,1,37,6 (13.95 %),5,17,,,10 years (2011 - 2021).,https://citec.repec.org/p/c/pcu159.html
171,Lukasz Delong,pde1449,/f/pde1449.html,172,[189]," Wydział Nauk Ekonomicznych, Uniwersytet Warszawski, Warszawa",168.62,Lukasz,Delong,M,4,2,62,2 (3.13 %),16,,,,16 years (2007 - 2023).,https://citec.repec.org/p/d/pde1449.html
172,Tomasz Weron,pwe470,/f/pwe470.html,173,[220]," Hugo Steinhaus Center for Stochastic Methods, Politechnika Wrocławska, Wrocław Katedra Badań Operacyjnych i Inteligencji Biznesowej, Politechnika Wrocławska, Wrocław",171.0,Tomasz,Weron,M,5,3,87,6 (6.45 %),6,4,,,8 years (2013 - 2021).,https://citec.repec.org/p/w/pwe470.html
173,Kanat Abdulla,pab510,/f/pab510.html,174,[180]," Wydział Nauk Ekonomicznych, Uniwersytet Warszawski, Warszawa",171.72,Kanat,Abdulla,M,2,1,29,4 (12.12 %),8,3,,,13 years (2009 - 2022).,https://citec.repec.org/p/a/pab510.html
174,Anna Pajor,ppa1025,/f/ppa1025.html,175,[198]," Uniwersytet Ekonomiczny w Krakowie, Kraków Uniwersytet Jagielloński w Krakowie",173.02,Anna,Pajor,K,4,1,48,9 (15.79 %),13,3,,6,14 years (2006 - 2020).,https://citec.repec.org/p/p/ppa1025.html
175,Syed Anees Haider Zaidi,pza436,/f/pza436.html,176,[79]," Wydział Nauk Ekonomicznych, Uniwersytet Warszawski, Warszawa",173.39,Syed,Anees Haider Zaidi,M,,,,Unknown,,,,,Unknown,https://citec.repec.org/p/e/pza436.html
176,Joanna Bruzda,pbr449,/f/pbr449.html,177,[200]," Wydział Nauk Ekonomicznych i Zarządzania, Uniwersytet Mikolaja Kopernika w Toruniu, Toruń",174.17,Joanna,Bruzda,K,3,0,25,8 (24.24 %),18,1,,6,16 years (2004 - 2020).,https://citec.repec.org/p/b/pbr449.html
177,Marcin Faldzinski,pfa290,/f/pfa290.html,178,[208]," Wydział Nauk Ekonomicznych i Zarządzania, Uniwersytet Mikolaja Kopernika w Toruniu, Toruń",177.33,Marcin,Faldzinski,M,,,,Unknown,,,,,Unknown,https://citec.repec.org/p/c/pfa290.html
178,Jan Sladkowski,psl3,/e/psl3.html,179,[194]," Ekonofizyka, Uniwersytet Slaski, Katowice",177.46,Jan,Sladkowski,M,,,,Unknown,,,,,Unknown,https://citec.repec.org/p/b/psl3.html
179,Lukasz K. Kozlowski,pko492,/f/pko492.html,180,[230]," Szkoła Główna Handlowa w Warszawie, Warszawa",177.72,Lukasz,K. Kozlowski,M,,,,Unknown,,,,,Unknown,https://citec.repec.org/p/a/pko492.html
180,Wioleta Kucharska,pku368,/f/pku368.html,181,[195]," Wydział Zarządzania i Ekonomii, Politechnika Gdańska, Gdańsk",177.8,Wioleta,Kucharska,K,5,2,73,8 (9.88 %),9,7,,,6 years (2016 - 2022).,https://citec.repec.org/p/k/pku368.html
181,Iraj Hashi,pha727,/f/pha727.html,182,[68]," CASE-Center for Social and Economic Research, Warszawa",177.84,Iraj,Hashi,M,7,3,268,4 (1.47 %),10,17,,,19 years (1995 - 2014).,https://citec.repec.org/p/h/pha727.html
182,Alexander Shapoval,psh760,/f/psh760.html,183,[217],,178.93,Alexander,Shapoval,M,2,0,11,3 (21.43 %),22,7,,,17 years (2004 - 2021).,https://citec.repec.org/p/s/psh760.html
183,Michal Brzozowski,pbr427,/f/pbr427.html,184,[209]," Wydział Nauk Ekonomicznych, Uniwersytet Warszawski, Warszawa",179.07,Michal,Brzozowski,M,3,2,55,0 (0 %),6,3,,,18 years (2001 - 2019).,https://citec.repec.org/p/b/pbr427.html
184,Juliusz Jerzy Jablecki,pja418,/f/pja418.html,185,[227]," Wydział Nauk Ekonomicznych, Uniwersytet Warszawski, Warszawa Narodowy Bank Polski, Warszawa",181.45,Juliusz,Jerzy Jablecki,M,,,,Unknown,,,,,Unknown,https://citec.repec.org/p/b/pja418.html
185,Anna Agnieszka Bialek-Jaworska,pbi381,/f/pbi381.html,103,[112]," Wydział Nauk Ekonomicznych, Uniwersytet Warszawski, Warszawa",98.98,Anna,Agnieszka Bialek-Jaworska,K,2,0,11,3 (21.43 %),24,3,,3,18 years (2004 - 2022).,https://citec.repec.org/p/b/pbi381.html
186,Weronika Nitka,pni435,/f/pni435.html,122,[138]," Katedra Badań Operacyjnych i Inteligencji Biznesowej, Politechnika Wrocławska, Wrocław",114.74,Weronika,Nitka,K,3,3,72,6 (7.69 %),5,5,,,4 years (2019 - 2023).,https://citec.repec.org/p/n/pni435.html
187,Dimitrios Sotiros,pso638,/f/pso638.html,124,[136]," Katedra Badań Operacyjnych i Inteligencji Biznesowej, Politechnika Wrocławska, Wrocław",116.86,Dimitrios,Sotiros,M,5,2,90,5 (5.26 %),10,2,,2,10 years (2012 - 2022).,https://citec.repec.org/p/s/pso638.html
188,Katarzyna Salach-Drozdz,psa1533,/f/psa1533.html,129,[142]," Instytut Badań Strukturalnych, Warszawa Wydział Nauk Ekonomicznych, Uniwersytet Warszawski, Warszawa",121.3,Katarzyna,Salach-Drozdz,K,4,0,31,4 (11.43 %),6,13,,,5 years (2018 - 2023).,https://citec.repec.org/p/s/psa1533.html
189,Arkadiusz Andrzej Piwowar,ppi301,/f/ppi301.html,130,[132]," Uniwersytet Ekonomiczny we Wrocławiu, Wrocław",121.95,Arkadiusz,Andrzej Piwowar,M,6,5,96,4 (4 %),13,,,,8 years (2013 - 2021).,https://citec.repec.org/p/p/ppi301.html
190,Mateusz Mikutowski,pmi961,/f/pmi961.html,132,[163]," Uniwersytet Ekonomiczny w Poznaniu, Poznań",123.97,Mateusz,Mikutowski,M,2,2,65,1 (1.52 %),6,,,,2 years (2019 - 2021).,https://citec.repec.org/p/m/pmi961.html
191,Aleksandra Wisniewska,pwi440,/f/pwi440.html,134,[175]," Wydział Nauk Ekonomicznych, Uniwersytet Warszawski, Warszawa",128.18,Aleksandra,Wisniewska,K,3,1,53,3 (5.36 %),4,7,,,5 years (2015 - 2020).,https://citec.repec.org/p/w/pwi440.html
192,Katarzyna Zagorska,pza316,/f/pza316.html,135,[147]," Wydział Nauk Ekonomicznych, Uniwersytet Warszawski, Warszawa",128.95,Katarzyna,Zagorska,K,3,2,47,0 (0 %),6,11,,,6 years (2016 - 2022).,https://citec.repec.org/p/z/pza316.html
193,Malgorzata Walerych,psk103,/e/psk103.html,136,[155]," Instytut Nauk Ekonomicznych, Polska Akademia Nauk, Warszawa Narodowy Bank Polski, Warszawa",129.28,Malgorzata,Walerych,K,,,,Unknown,,,,,Unknown,https://citec.repec.org/p/c/psk103.html
194,Grzegorz Kinelski,pki624,/f/pki624.html,142,[150]," Katedra Zarządzania, Akademia WSB, Dąbrowa Górnicza",133.92,Grzegorz,Kinelski,M,5,3,103,11 (9.65 %),13,,,,2 years (2020 - 2022).,https://citec.repec.org/p/k/pki624.html
195,Piotr Dybka,pdy22,/e/pdy22.html,145,[168]," Szkoła Główna Handlowa w Warszawie, Warszawa",136.33,Piotr,Dybka,M,3,1,41,5 (10.87 %),6,5,,,6 years (2017 - 2023).,https://citec.repec.org/p/d/pdy22.html
196,Christopher Andrew Hartwell,pha661,/f/pha661.html,147,[11]," CASE-Center for Social and Economic Research, Warszawa Akademia Leona Koźmińskiego, Warszawa",139.28,Christopher,Andrew Hartwell,M,7,6,189,27 (12.5 %),59,17,3,13,22 years (2001 - 2023).,https://citec.repec.org/p/h/pha661.html
197,Vitaliy Krupin,pkr327,/f/pkr327.html,148,[133]," Instytut Rozwoju Wsi i Rolnictwa (IRWiR), Polska Akademia Nauk, Warszawa",139.9,Vitaliy,Krupin,M,4,1,55,6 (9.84 %),31,2,,,11 years (2011 - 2022).,https://citec.repec.org/p/k/pkr327.html
198,Katarzyna Sledziewska,ple518,/f/ple518.html,149,[166]," Wydział Nauk Ekonomicznych, Uniwersytet Warszawski, Warszawa",140.66,Katarzyna,Sledziewska,K,2,1,50,2 (3.85 %),8,4,,2,11 years (2008 - 2019).,https://citec.repec.org/p/l/ple518.html
199,Aleksandra Kolasa,pko533,/f/pko533.html,152,[176]," Wydział Nauk Ekonomicznych, Uniwersytet Warszawski, Warszawa",143.82,Aleksandra,Kolasa,K,,,,Unknown,,,,,Unknown,https://citec.repec.org/p/a/pko533.html
200,Ida Musialkowska,pmu665,/f/pmu665.html,153,[186]," Uniwersytet Ekonomiczny w Poznaniu, Poznań",144.33,Ida,Musialkowska,K,2,1,59,0 (0 %),7,,,,5 years (2017 - 2022).,https://citec.repec.org/p/m/pmu665.html
201,Jakub Rybacki,pry42,/e/pry42.html,154,[139]," Polski Instytut Ekonomiczny, Warszawa",144.41,Jakub,Rybacki,M,1,0,8,6 (42.86 %),12,10,,,5 years (2018 - 2023).,https://citec.repec.org/p/r/pry42.html
202,Michal Antoszewski,pan562,/f/pan562.html,155,[181]," Szkoła Główna Handlowa w Warszawie, Warszawa",144.75,Michal,Antoszewski,M,1,1,14,3 (17.65 %),3,4,,,5 years (2015 - 2020).,https://citec.repec.org/p/a/pan562.html
203,Jacek Pietrucha,ppi478,/f/ppi478.html,156,[172]," Uniwersytet Ekonomiczny w Katowicach, Katowice",144.84,Jacek,Pietrucha,M,4,2,51,2 (3.77 %),8,,,,4 years (2017 - 2021).,https://citec.repec.org/p/p/ppi478.html
204,Mateusz Szczurek,psz13,/e/psz13.html,157,[195]," Wydział Nauk Ekonomicznych, Uniwersytet Warszawski, Warszawa",146.01,Mateusz,Szczurek,M,2,1,24,0 (0 %),,3,,1,16 years (2003 - 2019).,https://citec.repec.org/p/s/psz13.html
205,Ewa Galecka-Burdziak,pga595,/f/pga595.html,158,[178]," Katedra Ekonomii I, Szkoła Główna Handlowa w Warszawie, Warszawa",146.95,Ewa,Galecka-Burdziak,K,3,0,20,6 (23.08 %),15,13,,,11 years (2012 - 2023).,https://citec.repec.org/p/g/pga595.html
206,Pawel Baranowski,pba1340,/f/pba1340.html,159,[193]," Wydział Ekonomiczno-Socjologiczny, Uniwersytet Łódzki, Łódź",147.67,Pawel,Baranowski,M,4,1,46,2 (4.17 %),12,8,,,16 years (2005 - 2021).,https://citec.repec.org/p/b/pba1340.html
207,Adi Weidenfeld,pwe514,/f/pwe514.html,160,[170]," Wydział Nauk Ekonomicznych, Uniwersytet Warszawski, Warszawa",147.77,Adi,Weidenfeld,M,4,2,71,0 (0 %),8,,,,7 years (2014 - 2021).,https://citec.repec.org/p/w/pwe514.html
208,Mateusz Najsztub,pna591,/f/pna591.html,162,[182]," Centrum Analiz Ekonomicznych (CenEA), Szczecin",148.49,Mateusz,Najsztub,M,3,1,26,5 (16.13 %),4,6,,,8 years (2014 - 2022).,https://citec.repec.org/p/n/pna591.html
209,Mateusz Tomal,pto568,/f/pto568.html,163,[143]," Uniwersytet Ekonomiczny w Krakowie, Kraków",148.62,Mateusz,Tomal,M,3,0,23,4 (14.81 %),15,1,,,4 years (2019 - 2023).,https://citec.repec.org/p/t/pto568.html
210,Anna Agata Martikainen,pci152,/e/pci152.html,166,[199]," Instytut Rozwoju Wsi i Rolnictwa (IRWiR), Polska Akademia Nauk, Warszawa",152.54,Anna,Agata Martikainen,K,2,1,103,2 (1.9 %),7,,,,5 years (2016 - 2021).,https://citec.repec.org/p/c/pci152.html
211,Katarzyna Andrzejczak Swierczynska,pan556,/f/pan556.html,168,[190]," Wydział Ekonomii, Uniwersytet Ekonomiczny w Poznaniu, Poznań",153.05,Katarzyna,Andrzejczak Swierczynska,K,1,1,49,0 (0 %),6,1,,1,4 years (2015 - 2019).,https://citec.repec.org/p/a/pan556.html
212,Yash Chawla,pch1803,/f/pch1803.html,169,[173]," Katedra Badań Operacyjnych i Inteligencji Biznesowej, Politechnika Wrocławska, Wrocław",153.34,Yash,Chawla,M,4,1,38,9 (19.15 %),8,6,,,4 years (2019 - 2023).,https://citec.repec.org/p/c/pch1803.html
213,Joanna Rachubik,pra935,/f/pra935.html,170,[196]," Wydział Nauk Ekonomicznych, Uniwersytet Warszawski, Warszawa",153.4,Joanna,Rachubik,K,2,0,13,1 (7.14 %),3,10,,,5 years (2018 - 2023).,https://citec.repec.org/p/r/pra935.html
214,Katarzyna Piwowar-Sulej,ppi420,/f/ppi420.html,172,[153]," Uniwersytet Ekonomiczny we Wrocławiu, Wrocław",155.21,Katarzyna,Piwowar-Sulej,K,,,,Unknown,,,,,Unknown,https://citec.repec.org/p/b/ppi420.html
215,Michal Polasik,ppo253,/f/ppo253.html,174,[180]," Wydział Nauk Ekonomicznych i Zarządzania, Uniwersytet Mikolaja Kopernika w Toruniu, Toruń",157.24,Michal,Polasik,M,,,,Unknown,,,,,Unknown,https://citec.repec.org/p/a/ppo253.html
216,Aneta Kielczewska,pki490,/f/pki490.html,177,[213]," Instytut Badań Strukturalnych, Warszawa",160.01,Aneta,Kielczewska,K,5,0,40,1 (2.44 %),2,5,1,,3 years (2017 - 2020).,https://citec.repec.org/p/k/pki490.html
217,Arkadiusz Jedrzejewski,pjd1,/e/pjd1.html,178,[207]," Katedra Badań Operacyjnych i Inteligencji Biznesowej, Politechnika Wrocławska, Wrocław",161.29,Arkadiusz,Jedrzejewski,M,3,1,43,2 (4.44 %),4,5,,,6 years (2015 - 2021).,https://citec.repec.org/p/j/pjd1.html
218,Henryk Wojtaszek Sr.,pwo314,/f/pwo314.html,179,[160],"Wydział Zarządzania i Dowodzenia, Akademia Sztuki Wojennej, Warszawa",161.52,Henryk,Wojtaszek Sr.,M,4,2,50,13 (20.63 %),24,,,,2 years (2019 - 2021).,https://citec.repec.org/p/w/pwo314.html
219,Piotr Spiewanowski,ppi491,/f/ppi491.html,180,[201]," Instytut Nauk Ekonomicznych, Polska Akademia Nauk, Warszawa",163.29,Piotr,Spiewanowski,M,2,1,28,2 (6.67 %),4,7,,,7 years (2016 - 2023).,https://citec.repec.org/p/p/ppi491.html
220,Pawel Sakowski,psa504,/f/psa504.html,183,[179]," Wydział Nauk Ekonomicznych, Uniwersytet Warszawski, Warszawa",164.65,Pawel,Sakowski,M,3,2,36,4 (10 %),9,17,,,14 years (2006 - 2020).,https://citec.repec.org/p/s/psa504.html
221,Marta Anna Goetz,pgt6,/e/pgt6.html,184,[174]," Wydział Biznesu i Stosunków Międzynarodowych, Akademia Finansów i Biznesu Vistula, Warszawa",165.1,Marta,Anna Goetz,K,2,1,23,1 (4.17 %),19,,,1,13 years (2010 - 2023).,https://citec.repec.org/p/g/pgt6.html
