,Autor,ID,Strona_Ideas,Rank,W.Rank,Instytucja,Score,Imię,Nazwisko,Płeć,H_index,i10_index,Cytowania,Auto_cytowania,Artykuły,Papers,Książki,Rozdziały,Lata_działalności,CitEc_Link,Auto_cytowania_n,Auto_cytowania_p,lata_dzialalnosci_n,rok_start,rok_koniec,active,decade
0,Oded Stark,pst393,/f/pst393.html,1,1," Wydział Nauk Ekonomicznych, Uniwersytet Warszawski, Warszawa",1.27,Oded,Stark,M,32.0,68.0,6939.0,264 (3.67 %),217.0,276.0,4.0,15.0,47 years (1976 - 2023).,https://citec.repec.org/p/s/pst393.html,264.0,3.67,47,1976,2023,Y,1975-1985
1,Rafal Weron,pwe42,/e/pwe42.html,2,2," Katedra Badań Operacyjnych i Inteligencji Biznesowej, Politechnika Wrocławska, Wrocław",2.77,Rafal,Weron,M,32.0,73.0,3638.0,155 (4.09 %),62.0,151.0,3.0,3.0,28 years (1995 - 2023).,https://citec.repec.org/p/w/pwe42.html,155.0,4.09,28,1995,2023,Y,1985-1995
2,Marcin Kolasa,pko253,/f/pko253.html,3,4," Katedra Ekonomii Ilościowej, Szkoła Główna Handlowa w Warszawie, Warszawa",5.37,Marcin,Kolasa,M,20.0,27.0,1105.0,55 (4.74 %),44.0,89.0,,1.0,19 years (2004 - 2023).,https://citec.repec.org/p/k/pko253.html,55.0,4.74,19,2004,2023,Y,1995-2005
3,Mikolaj Czajkowski,pcz11,/e/pcz11.html,4,5," Wydział Nauk Ekonomicznych, Uniwersytet Warszawski, Warszawa",6.86,Mikolaj,Czajkowski,M,22.0,36.0,1071.0,104 (8.85 %),57.0,111.0,1.0,10.0,15 years (2008 - 2023).,https://citec.repec.org/p/c/pcz11.html,104.0,8.85,15,2008,2023,Y,2005-2015
4,Michal Brzoza-Brzezina,pbr47,/e/pbr47.html,5,7," Katedra Ekonomii Ilościowej, Szkoła Główna Handlowa w Warszawie, Warszawa Narodowy Bank Polski, Warszawa",7.13,Michal,Brzoza-Brzezina,M,14.0,23.0,688.0,56 (7.53 %),29.0,78.0,,,21 years (2002 - 2023).,https://citec.repec.org/p/b/pbr47.html,56.0,7.53,21,2002,2023,Y,1995-2005
5,Michal Wiktor Krawczyk,pkr96,/e/pkr96.html,6,12," Group for Research in Applied Economics (GRAPE), Warszawa Wydział Nauk Ekonomicznych, Uniwersytet Warszawski, Warszawa",7.18,Michal,Wiktor Krawczyk,M,10.0,10.0,717.0,23 (3.11 %),27.0,47.0,,,12 years (2008 - 2020).,https://citec.repec.org/p/k/pkr96.html,23.0,3.11,12,2008,2020,N,2005-2015
6,Jakub Growiec,pgr106,/e/pgr106.html,7,11," Katedra Ekonomii Ilościowej, Szkoła Główna Handlowa w Warszawie, Warszawa Narodowy Bank Polski, Warszawa",8.37,Jakub,Growiec,M,13.0,17.0,498.0,62 (11.07 %),36.0,69.0,2.0,11.0,18 years (2005 - 2023).,https://citec.repec.org/p/g/pgr106.html,62.0,11.07,18,2005,2023,Y,1995-2005
7,Michal Rubaszek,pru76,/e/pru76.html,8,10," Instytut Ekonometrii, Szkoła Główna Handlowa w Warszawie, Warszawa",10.1,Michal,Rubaszek,M,11.0,17.0,545.0,42 (7.16 %),50.0,43.0,,2.0,21 years (2002 - 2023).,https://citec.repec.org/p/r/pru76.html,42.0,7.16,21,2002,2023,Y,1995-2005
9,Joanna Tyrowicz,pty6,/e/pty6.html,10,9," Group for Research in Applied Economics (GRAPE), Warszawa Wydział Zarządzania, Uniwersytet Warszawski, Warszawa",13.87,Joanna,Tyrowicz,K,10.0,12.0,408.0,68 (14.29 %),63.0,151.0,1.0,4.0,16 years (2007 - 2023).,https://citec.repec.org/p/t/pty6.html,68.0,14.29,16,2007,2023,Y,2005-2015
10,Katarzyna Maciejowska,pma1510,/f/pma1510.html,11,29," Katedra Badań Operacyjnych i Inteligencji Biznesowej, Politechnika Wrocławska, Wrocław",15.45,Katarzyna,Maciejowska,K,10.0,10.0,529.0,20 (3.64 %),10.0,22.0,,,13 years (2009 - 2022).,https://citec.repec.org/p/m/pma1510.html,20.0,3.64,13,2009,2022,N,2005-2015
11,Piotr Lewandowski,ple212,/f/ple212.html,12,8," Instytut Badań Strukturalnych, Warszawa",15.56,Piotr,Lewandowski,M,10.0,10.0,286.0,47 (14.11 %),19.0,65.0,,,18 years (2005 - 2023).,https://citec.repec.org/p/l/ple212.html,47.0,14.11,18,2005,2023,Y,1995-2005
12,Michal Myck,pmy21,/e/pmy21.html,13,19," Centrum Analiz Ekonomicznych (CenEA), Szczecin",15.59,Michal,Myck,M,11.0,13.0,548.0,48 (8.05 %),33.0,74.0,,2.0,23 years (2000 - 2023).,https://citec.repec.org/p/m/pmy21.html,48.0,8.05,23,2000,2023,Y,1995-2005
13,Andrzej Cieslik,pci38,/e/pci38.html,14,13," Wydział Nauk Ekonomicznych, Uniwersytet Warszawski, Warszawa",16.04,Andrzej,Cieslik,M,11.0,12.0,440.0,41 (8.52 %),110.0,12.0,,1.0,23 years (2000 - 2023).,https://citec.repec.org/p/c/pci38.html,41.0,8.52,23,2000,2023,Y,1995-2005
14,Wojciech W. Charemza,pch204,/f/pch204.html,15,21," Wydział Biznesu i Stosunków Międzynarodowych, Akademia Finansów i Biznesu Vistula, Warszawa",16.74,Wojciech,W. Charemza,M,8.0,8.0,505.0,18 (3.44 %),42.0,24.0,2.0,1.0,44 years (1979 - 2023).,https://citec.repec.org/p/c/pch204.html,18.0,3.44,44,1979,2023,Y,1975-1985
15,Krzysztof Makarski,pma1081,/f/pma1081.html,16,26," Group for Research in Applied Economics (GRAPE), Warszawa Katedra Ekonomii Ilościowej, Szkoła Główna Handlowa w Warszawie, Warszawa Narodowy Bank Polski, Warszawa",17.07,Krzysztof,Makarski,M,11.0,11.0,452.0,29 (6.03 %),25.0,61.0,,,14 years (2009 - 2023).,https://citec.repec.org/p/m/pma1081.html,29.0,6.03,14,2009,2023,Y,2005-2015
16,Piotr Dworczak,pdw12,/e/pdw12.html,17,22," Group for Research in Applied Economics (GRAPE), Warszawa",23.79,Piotr,Dworczak,M,6.0,6.0,241.0,6 (2.43 %),9.0,10.0,,,8 years (2014 - 2022).,https://citec.repec.org/p/d/pdw12.html,6.0,2.43,8,2014,2022,N,2005-2015
17,Jakub Nowotarski,pno175,/e/pno175.html,18,34," Wydział Zarządzania, Politechnika Wrocławska, Wrocław",24.09,Jakub,Nowotarski,M,10.0,10.0,649.0,23 (3.42 %),9.0,16.0,,,6 years (2012 - 2018).,https://citec.repec.org/p/n/pno175.html,23.0,3.42,6,2012,2018,N,2005-2015
18,Andrzej Nowak,pno288,/f/pno288.html,19,35," Wydział Matematyki, Informatyki i Ekonometrii, Uniwersytet Zielonogórski, Zielona Góra",25.36,Andrzej,Nowak,M,11.0,12.0,463.0,26 (5.32 %),41.0,8.0,,1.0,30 years (1992 - 2022).,https://citec.repec.org/p/n/pno288.html,26.0,5.32,30,1992,2022,N,1985-1995
19,Marcin Bielecki,pbi271,/f/pbi271.html,20,36," Wydział Nauk Ekonomicznych, Uniwersytet Warszawski, Warszawa Narodowy Bank Polski, Warszawa",25.78,Marcin,Bielecki,M,7.0,5.0,198.0,14 (6.6 %),14.0,25.0,,,9 years (2014 - 2023).,https://citec.repec.org/p/b/pbi271.html,14.0,6.6,9,2014,2023,Y,2005-2015
20,Andrzej Klimczuk,pkl107,/e/pkl107.html,21,25," Szkoła Główna Handlowa w Warszawie, Warszawa",27.45,Andrzej,Klimczuk,M,3.0,0.0,33.0,93 (73.81 %),65.0,94.0,10.0,11.0,13 years (2009 - 2022).,https://citec.repec.org/p/k/pkl107.html,93.0,73.81,13,2009,2022,N,2005-2015
21,Aleksandra Parteka,ppa388,/f/ppa388.html,22,32," Wydział Zarządzania i Ekonomii, Politechnika Gdańska, Gdańsk",27.71,Aleksandra,Parteka,K,8.0,7.0,345.0,38 (9.92 %),30.0,30.0,,,15 years (2007 - 2022).,https://citec.repec.org/p/p/ppa388.html,38.0,9.92,15,2007,2022,N,2005-2015
22,Tomasz Lyziak,ply18,/e/ply18.html,23,31," Instytut Nauk Ekonomicznych, Polska Akademia Nauk, Warszawa Narodowy Bank Polski, Warszawa",28.62,Tomasz,Lyziak,M,9.0,9.0,270.0,25 (8.47 %),17.0,36.0,2.0,1.0,21 years (2001 - 2022).,https://citec.repec.org/p/l/ply18.html,25.0,8.47,21,2001,2022,N,1995-2005
23,Andre van Stel,pva170,/e/pva170.html,24,3," Akademia Leona Koźmińskiego, Warszawa",28.97,Andre,van Stel,M,24.0,38.0,2868.0,78 (2.65 %),35.0,137.0,,5.0,24 years (1998 - 2022).,https://citec.repec.org/p/v/pva170.html,78.0,2.65,24,1998,2022,N,1995-2005
25,Jan Hagemejer,pha527,/f/pha527.html,26,30," Group for Research in Applied Economics (GRAPE), Warszawa CASE-Center for Social and Economic Research, Warszawa Wydział Nauk Ekonomicznych, Uniwersytet Warszawski, Warszawa",31.5,Jan,Hagemejer,M,9.0,8.0,221.0,16 (6.75 %),23.0,49.0,,1.0,16 years (2006 - 2022).,https://citec.repec.org/p/h/pha527.html,16.0,6.75,16,2006,2022,N,2005-2015
26,Domenico Buccella,pbu145,/e/pbu145.html,27,33," Akademia Leona Koźmińskiego, Warszawa",33.81,Domenico,Buccella,M,8.0,6.0,164.0,40 (19.61 %),67.0,31.0,,,16 years (2007 - 2023).,https://citec.repec.org/p/b/pbu145.html,40.0,19.61,16,2007,2023,Y,2005-2015
27,Jakub Muck,pmu412,/f/pmu412.html,28,40," Katedra Ekonomii Ilościowej, Szkoła Główna Handlowa w Warszawie, Warszawa Narodowy Bank Polski, Warszawa",35.68,Jakub,Muck,M,6.0,5.0,175.0,12 (6.42 %),8.0,27.0,,,11 years (2012 - 2023).,https://citec.repec.org/p/m/pmu412.html,12.0,6.42,11,2012,2023,Y,2005-2015
28,Michal Brzezinski,pbr274,/f/pbr274.html,29,39," Wydział Nauk Ekonomicznych, Uniwersytet Warszawski, Warszawa",36.24,Michal,Brzezinski,M,7.0,4.0,192.0,11 (5.42 %),26.0,38.0,,1.0,14 years (2009 - 2023).,https://citec.repec.org/p/b/pbr274.html,11.0,5.42,14,2009,2023,Y,2005-2015
29,Adam Zaremba,pza419,/f/pza419.html,30,14," Uniwersytet Ekonomiczny w Poznaniu, Poznań",36.63,Adam,Zaremba,M,14.0,17.0,701.0,41 (5.53 %),85.0,1.0,4.0,9.0,12 years (2010 - 2022).,https://citec.repec.org/p/z/pza419.html,41.0,5.53,12,2010,2022,N,2005-2015
30,Henryk Gurgul,pgu102,/e/pgu102.html,31,37," Wydział Zarządzania, Akademia Górniczo-Hutnicza, Kraków",36.74,Henryk,Gurgul,M,9.0,7.0,312.0,44 (12.36 %),71.0,32.0,,1.0,23 years (1998 - 2021).,https://citec.repec.org/p/g/pgu102.html,44.0,12.36,23,1998,2021,N,1995-2005
32,Wlodzimierz Ogryczak,pog49,/e/pog49.html,33,45,,37.35,Wlodzimierz,Ogryczak,M,13.0,15.0,531.0,18 (3.28 %),34.0,6.0,,,31 years (1988 - 2019).,https://citec.repec.org/p/o/pog49.html,18.0,3.28,31,1988,2019,N,1985-1995
33,Joanna Wolszczak-Derlacz,pwo115,/e/pwo115.html,34,38," Wydział Zarządzania i Ekonomii, Politechnika Gdańska, Gdańsk",38.98,Joanna,Wolszczak-Derlacz,K,8.0,5.0,235.0,30 (11.32 %),30.0,18.0,,,14 years (2008 - 2022).,https://citec.repec.org/p/w/pwo115.html,30.0,11.32,14,2008,2022,N,2005-2015
34,Jacek Prokop,ppr266,/f/ppr266.html,35,56," Katedra Ekonomii Biznesu, Szkoła Główna Handlowa w Warszawie, Warszawa",40.63,Jacek,Prokop,M,4.0,2.0,78.0,20 (20.41 %),22.0,14.0,,6.0,32 years (1991 - 2023).,https://citec.repec.org/p/p/ppr266.html,20.0,20.41,32,1991,2023,Y,1985-1995
35,Dobromil Serwa,pse187,/e/pse187.html,36,55," Narodowy Bank Polski, Warszawa Szkoła Główna Handlowa w Warszawie, Warszawa",40.83,Dobromil,Serwa,M,9.0,9.0,270.0,12 (4.26 %),20.0,19.0,,,14 years (2005 - 2019).,https://citec.repec.org/p/s/pse187.html,12.0,4.26,14,2005,2019,N,1995-2005
36,Bartosz Uniejewski,pun47,/e/pun47.html,37,50," Katedra Badań Operacyjnych i Inteligencji Biznesowej, Politechnika Wrocławska, Wrocław",42.14,Bartosz,Uniejewski,M,11.0,11.0,329.0,21 (6 %),10.0,15.0,,,7 years (2016 - 2023).,https://citec.repec.org/p/u/pun47.html,21.0,6.0,7,2016,2023,Y,2015-2025
37,Joanna Janczura,pja256,/f/pja256.html,38,47," Hugo Steinhaus Center for Stochastic Methods, Politechnika Wrocławska, Wrocław",42.78,Joanna,Janczura,K,8.0,8.0,366.0,23 (5.91 %),13.0,22.0,,,15 years (2008 - 2023).,https://citec.repec.org/p/j/pja256.html,23.0,5.91,15,2008,2023,Y,2005-2015
38,Ewa Zawojska,pza314,/f/pza314.html,39,43," Wydział Nauk Ekonomicznych, Uniwersytet Warszawski, Warszawa",45.19,Ewa,Zawojska,K,7.0,6.0,192.0,15 (7.25 %),16.0,33.0,,,9 years (2014 - 2023).,https://citec.repec.org/p/z/pza314.html,15.0,7.25,9,2014,2023,Y,2005-2015
39,Iga Magda,pma849,/f/pma849.html,40,42," Instytut Badań Strukturalnych, Warszawa Katedra Ekonomii I, Szkoła Główna Handlowa w Warszawie, Warszawa",45.42,Iga,Magda,K,8.0,8.0,202.0,13 (6.05 %),13.0,44.0,1.0,,18 years (2005 - 2023).,https://citec.repec.org/p/m/pma849.html,13.0,6.05,18,2005,2023,Y,1995-2005
40,Slawomir Smiech,pmi663,/f/pmi663.html,41,49," Uniwersytet Ekonomiczny w Krakowie, Kraków",45.58,Slawomir,Smiech,M,11.0,11.0,288.0,16 (5.26 %),34.0,10.0,,,9 years (2013 - 2022).,https://citec.repec.org/p/m/pmi663.html,16.0,5.26,9,2013,2022,N,2005-2015
41,Grzegorz Marcjasz,pma2533,/f/pma2533.html,42,46," Katedra Badań Operacyjnych i Inteligencji Biznesowej, Politechnika Wrocławska, Wrocław",45.83,Grzegorz,Marcjasz,M,9.0,9.0,316.0,19 (5.67 %),12.0,15.0,,,6 years (2016 - 2022).,https://citec.repec.org/p/m/pma2533.html,19.0,5.67,6,2016,2022,N,2015-2025
42,Przemyslaw Kowalski,pko138,/e/pko138.html,43,63," CASE-Center for Social and Economic Research, Warszawa",48.57,Przemyslaw,Kowalski,M,8.0,7.0,366.0,4 (1.08 %),1.0,29.0,,1.0,15 years (2003 - 2018).,https://citec.repec.org/p/k/pko138.html,4.0,1.08,15,2003,2018,N,1995-2005
43,Lukasz Grzybowski,pgr230,/f/pgr230.html,44,24," Wydział Nauk Ekonomicznych, Uniwersytet Warszawski, Warszawa",49.69,Lukasz,Grzybowski,M,11.0,11.0,393.0,36 (8.39 %),29.0,46.0,,,18 years (2005 - 2023).,https://citec.repec.org/p/g/pgr230.html,36.0,8.39,18,2005,2023,Y,1995-2005
44,Marek Gora,pgr440,/f/pgr440.html,45,60," Katedra Ekonomii I, Szkoła Główna Handlowa w Warszawie, Warszawa",49.95,Marek,Gora,M,6.0,4.0,173.0,13 (6.99 %),7.0,36.0,2.0,1.0,30 years (1991 - 2021).,https://citec.repec.org/p/g/pgr440.html,13.0,6.99,30,1991,2021,N,1985-1995
45,Marian W. Moszoro,pmo1093,/f/pmo1093.html,46,53," Katedra Ekonomii Biznesu, Szkoła Główna Handlowa w Warszawie, Warszawa",50.28,Marian,W. Moszoro,M,6.0,5.0,114.0,21 (15.56 %),12.0,44.0,,3.0,15 years (2008 - 2023).,https://citec.repec.org/p/m/pmo1093.html,21.0,15.56,15,2008,2023,Y,2005-2015
47,Karolina Safarzynska,psa706,/f/psa706.html,48,65," Wydział Nauk Ekonomicznych, Uniwersytet Warszawski, Warszawa",52.45,Karolina,Safarzynska,K,9.0,8.0,236.0,10 (4.07 %),18.0,3.0,,,15 years (2008 - 2023).,https://citec.repec.org/p/s/psa706.html,10.0,4.07,15,2008,2023,Y,2005-2015
48,Jan Falkowski,pfa181,/e/pfa181.html,49,59," Wydział Nauk Ekonomicznych, Uniwersytet Warszawski, Warszawa",53.39,Jan,Falkowski,M,8.0,6.0,190.0,6 (3.06 %),21.0,33.0,,,14 years (2005 - 2019).,https://citec.repec.org/p/f/pfa181.html,6.0,3.06,14,2005,2019,N,1995-2005
49,Pawel Strzelecki,pst419,/f/pst419.html,50,62," Instytut Statystyki i Demografii, Szkoła Główna Handlowa w Warszawie, Warszawa Narodowy Bank Polski, Warszawa",54.3,Pawel,Strzelecki,M,7.0,5.0,167.0,5 (2.91 %),18.0,27.0,1.0,2.0,17 years (2005 - 2022).,https://citec.repec.org/p/s/pst419.html,5.0,2.91,17,2005,2022,N,1995-2005
50,Krzysztof Drachal,pdr170,/e/pdr170.html,51,52," Wydział Nauk Ekonomicznych, Uniwersytet Warszawski, Warszawa",55.32,Krzysztof,Drachal,M,4.0,2.0,104.0,7 (6.31 %),28.0,,,,9 years (2014 - 2023).,https://citec.repec.org/p/d/pdr170.html,7.0,6.31,9,2014,2023,Y,2005-2015
51,Lukasz Lach,pla607,/f/pla607.html,52,64," Wydział Zarządzania, Akademia Górniczo-Hutnicza, Kraków",55.72,Lukasz,Lach,M,7.0,6.0,258.0,35 (11.95 %),25.0,28.0,,,12 years (2009 - 2021).,https://citec.repec.org/p/l/pla607.html,35.0,11.95,12,2009,2021,N,2005-2015
52,Anna Malgorzata Bartczak,pba889,/f/pba889.html,53,67," Wydział Nauk Ekonomicznych, Uniwersytet Warszawski, Warszawa",59.65,Anna,Malgorzata Bartczak,K,9.0,9.0,248.0,14 (5.34 %),19.0,20.0,,,21 years (2002 - 2023).,https://citec.repec.org/p/b/pba889.html,14.0,5.34,21,2002,2023,Y,1995-2005
54,Marinko Skare,psk7,/e/psk7.html,55,16," Akademia Ekonomiczno-Humanistyczna w Warszawie, Warszawa",60.93,Marinko,Skare,M,9.0,9.0,306.0,13 (4.08 %),90.0,4.0,,3.0,21 years (2002 - 2023).,https://citec.repec.org/p/s/psk7.html,13.0,4.08,21,2002,2023,Y,1995-2005
55,Monika Papiez,ppa966,/f/ppa966.html,56,70," Uniwersytet Ekonomiczny w Krakowie, Kraków",62.4,Monika,Papiez,K,9.0,9.0,226.0,10 (4.24 %),23.0,8.0,,,10 years (2010 - 2020).,https://citec.repec.org/p/p/ppa966.html,10.0,4.24,10,2010,2020,N,2005-2015
56,Michal Bernard Pietrzak,ppi160,/e/ppi160.html,57,44," Wydział Zarządzania i Ekonomii, Politechnika Gdańska, Gdańsk",63.22,Michal,Bernard Pietrzak,M,5.0,2.0,172.0,22 (11.34 %),43.0,60.0,,24.0,14 years (2008 - 2022).,https://citec.repec.org/p/p/ppi160.html,22.0,11.34,14,2008,2022,N,2005-2015
57,Krzysztof Rybinski,pry61,/e/pry61.html,58,82," Wydział Biznesu i Stosunków Międzynarodowych, Akademia Finansów i Biznesu Vistula, Warszawa",63.37,Krzysztof,Rybinski,M,5.0,4.0,220.0,2 (0.9 %),10.0,7.0,1.0,1.0,26 years (1996 - 2022).,https://citec.repec.org/p/r/pry61.html,2.0,0.9,26,1996,2022,N,1995-2005
58,Lucas Augusto van der Velde,pva661,/f/pva661.html,59,83," Instytut Statystyki i Demografii, Szkoła Główna Handlowa w Warszawie, Warszawa Group for Research in Applied Economics (GRAPE), Warszawa Wydział Nauk Ekonomicznych, Uniwersytet Warszawski, Warszawa",64.28,Lucas,Augusto van der Velde,M,6.0,4.0,119.0,17 (12.5 %),11.0,32.0,,,9 years (2013 - 2022).,https://citec.repec.org/p/v/pva661.html,17.0,12.5,9,2013,2022,N,2005-2015
59,Wiktor Budzinski,pbu485,/f/pbu485.html,60,74," Wydział Nauk Ekonomicznych, Uniwersytet Warszawski, Warszawa",65.12,Wiktor,Budzinski,M,6.0,5.0,189.0,11 (5.5 %),14.0,35.0,,,7 years (2014 - 2021).,https://citec.repec.org/p/b/pbu485.html,11.0,5.5,7,2014,2021,N,2005-2015
60,Wojciech Hardy,pha872,/f/pha872.html,61,72," Instytut Badań Strukturalnych, Warszawa Wydział Nauk Ekonomicznych, Uniwersytet Warszawski, Warszawa",65.47,Wojciech,Hardy,M,5.0,3.0,140.0,15 (9.68 %),9.0,21.0,,,9 years (2013 - 2022).,https://citec.repec.org/p/h/pha872.html,15.0,9.68,9,2013,2022,N,2005-2015
61,Robert Slepaczuk,ple519,/f/ple519.html,62,57," Wydział Nauk Ekonomicznych, Uniwersytet Warszawski, Warszawa",65.72,Robert,Slepaczuk,M,3.0,1.0,34.0,18 (34.62 %),16.0,48.0,,,19 years (2004 - 2023).,https://citec.repec.org/p/l/ple519.html,18.0,34.62,19,2004,2023,Y,1995-2005
62,Katarzyna Sznajd-Weron,psz52,/e/psz52.html,63,73," Katedra Systemów Zarządzania i Rozwoju Organizacji, Politechnika Wrocławska, Wrocław",66.29,Katarzyna,Sznajd-Weron,K,8.0,7.0,375.0,17 (4.34 %),30.0,25.0,,1.0,25 years (1997 - 2022).,https://citec.repec.org/p/s/psz52.html,17.0,4.34,25,1997,2022,N,1995-2005
65,Magdalena Kapelko,pka1244,/f/pka1244.html,66,69," Uniwersytet Ekonomiczny we Wrocławiu, Wrocław",67.05,Magdalena,Kapelko,K,9.0,9.0,223.0,24 (9.72 %),35.0,6.0,,3.0,16 years (2007 - 2023).,https://citec.repec.org/p/k/pka1244.html,24.0,9.72,16,2007,2023,Y,2005-2015
66,Karolina Goraus-Tanska,pgo656,/f/pgo656.html,67,91," Wydział Nauk Ekonomicznych, Uniwersytet Warszawski, Warszawa",68.66,Karolina,Goraus-Tanska,K,8.0,7.0,199.0,7 (3.4 %),6.0,17.0,,,7 years (2013 - 2020).,https://citec.repec.org/p/g/pgo656.html,7.0,3.4,7,2013,2020,N,2005-2015
67,Anna Staszewska-Bystrova,pst268,/f/pst268.html,68,98," Katedra Modeli i Prognoz Ekonometrycznych, Wydział Ekonomiczno-Socjologiczny, Uniwersytet Łódzki, Łódź",68.72,Anna,Staszewska-Bystrova,K,7.0,4.0,139.0,27 (16.27 %),19.0,21.0,,,16 years (2006 - 2022).,https://citec.repec.org/p/s/pst268.html,27.0,16.27,16,2006,2022,N,2005-2015
68,Piotr Cizkowicz,pci76,/e/pci76.html,69,78," Katedra Międzynarodowych Studiów Porównawczych, Szkoła Główna Handlowa w Warszawie, Warszawa",68.83,Piotr,Cizkowicz,M,8.0,4.0,132.0,11 (7.69 %),21.0,21.0,,,19 years (2003 - 2022).,https://citec.repec.org/p/c/pci76.html,11.0,7.69,19,2003,2022,N,1995-2005
69,Lukasz Balbus,pba1023,/f/pba1023.html,70,87," Wydział Matematyki, Informatyki i Ekonometrii, Uniwersytet Zielonogórski, Zielona Góra",70.79,Lukasz,Balbus,M,7.0,4.0,114.0,17 (12.98 %),18.0,3.0,,,16 years (2004 - 2020).,https://citec.repec.org/p/b/pba1023.html,17.0,12.98,16,2004,2020,N,1995-2005
70,Jacek Suda,psu231,/f/psu231.html,71,95," Group for Research in Applied Economics (GRAPE), Warszawa Katedra Ekonomii Ilościowej, Szkoła Główna Handlowa w Warszawie, Warszawa Narodowy Bank Polski, Warszawa",71.07,Jacek,Suda,M,3.0,3.0,54.0,2 (3.57 %),8.0,20.0,,,15 years (2008 - 2023).,https://citec.repec.org/p/s/psu231.html,2.0,3.57,15,2008,2023,Y,2005-2015
71,Lukasz Patryk Wozny,pwo83,/e/pwo83.html,72,85," Katedra Ekonomii Ilościowej, Szkoła Główna Handlowa w Warszawie, Warszawa",71.73,Lukasz,Patryk Wozny,M,6.0,3.0,101.0,15 (12.93 %),16.0,11.0,,,14 years (2008 - 2022).,https://citec.repec.org/p/w/pwo83.html,15.0,12.93,14,2008,2022,N,2005-2015
73,Aleksander Welfe,pwe261,/f/pwe261.html,74,84," Katedra Modeli i Prognoz Ekonometrycznych, Wydział Ekonomiczno-Socjologiczny, Uniwersytet Łódzki, Łódź Zakład Ekonometrii Stosowanej, Szkoła Główna Handlowa w Warszawie, Warszawa",73.59,Aleksander,Welfe,M,7.0,5.0,131.0,12 (8.39 %),26.0,5.0,,2.0,33 years (1990 - 2023).,https://citec.repec.org/p/w/pwe261.html,12.0,8.39,33,1990,2023,Y,1985-1995
74,Ewa Stanislawska,pst759,/f/pst759.html,75,58," Narodowy Bank Polski, Warszawa",74.16,Ewa,Stanislawska,K,7.0,1.0,111.0,12 (9.76 %),8.0,23.0,1.0,,16 years (2006 - 2022).,https://citec.repec.org/p/s/pst759.html,12.0,9.76,16,2006,2022,N,2005-2015
75,Andrzej Rzonca,prz6,/e/prz6.html,76,93," Katedra Międzynarodowych Studiów Porównawczych, Szkoła Główna Handlowa w Warszawie, Warszawa",76.21,Andrzej,Rzonca,M,8.0,5.0,132.0,8 (5.71 %),16.0,20.0,1.0,,16 years (2003 - 2019).,https://citec.repec.org/p/r/prz6.html,8.0,5.71,16,2003,2019,N,1995-2005
76,Andrzej Kociecki,pko417,/f/pko417.html,77,97," Wydział Nauk Ekonomicznych, Uniwersytet Warszawski, Warszawa Narodowy Bank Polski, Warszawa",77.73,Andrzej,Kociecki,M,5.0,2.0,64.0,1 (1.54 %),5.0,18.0,,,20 years (2003 - 2023).,https://citec.repec.org/p/k/pko417.html,1.0,1.54,20,2003,2023,Y,1995-2005
77,Anna Kowalska-Pyzalska,pko566,/f/pko566.html,78,99," Wydział Zarządzania, Politechnika Wrocławska, Wrocław Katedra Badań Operacyjnych i Inteligencji Biznesowej, Politechnika Wrocławska, Wrocław",78.76,Anna,Kowalska-Pyzalska,K,6.0,5.0,170.0,22 (11.46 %),8.0,24.0,,,11 years (2009 - 2020).,https://citec.repec.org/p/k/pko566.html,22.0,11.46,11,2009,2020,N,2005-2015
78,Marek Pawel Dabrowski,pda247,/f/pda247.html,79,20," CASE-Center for Social and Economic Research, Warszawa",79.88,Marek,Pawel Dabrowski,M,8.0,6.0,302.0,27 (8.21 %),33.0,78.0,2.0,8.0,31 years (1992 - 2023).,https://citec.repec.org/p/d/pda247.html,27.0,8.21,31,1992,2023,Y,1985-1995
79,Yuriy Bilan,pbi147,/e/pbi147.html,80,89," Wydział Ekonomii, Finansów i Zarządzania, Uniwersytet Szczecinski, Szczecin",80.24,Yuriy,Bilan,M,11.0,12.0,387.0,7 (1.78 %),29.0,,,,7 years (2013 - 2020).,https://citec.repec.org/p/b/pbi147.html,7.0,1.78,7,2013,2020,N,2005-2015
80,Malgorzata Knauff,pkn38,/e/pkn38.html,81,112," Katedra Ekonomii Ilościowej, Szkoła Główna Handlowa w Warszawie, Warszawa",80.54,Malgorzata,Knauff,K,5.0,3.0,121.0,0 (0 %),9.0,6.0,,,16 years (2005 - 2021).,https://citec.repec.org/p/k/pkn38.html,0.0,0.0,16,2005,2021,N,1995-2005
81,Mateusz Pipien,ppi193,/e/ppi193.html,82,92," Uniwersytet Ekonomiczny w Krakowie, Kraków",83.26,Mateusz,Pipien,M,5.0,5.0,142.0,9 (5.96 %),19.0,17.0,,8.0,18 years (2004 - 2022).,https://citec.repec.org/p/p/ppi193.html,9.0,5.96,18,2004,2022,N,1995-2005
82,Tomasz Zylicz,pzy3,/e/pzy3.html,83,104," Wydział Nauk Ekonomicznych, Uniwersytet Warszawski, Warszawa",83.29,Tomasz,Zylicz,M,7.0,5.0,182.0,9 (4.71 %),13.0,13.0,1.0,,28 years (1993 - 2021).,https://citec.repec.org/p/z/pzy3.html,9.0,4.71,28,1993,2021,N,1985-1995
83,Martyna Kobus,pko493,/f/pko493.html,84,127," Instytut Nauk Ekonomicznych, Polska Akademia Nauk, Warszawa",84.38,Martyna,Kobus,K,5.0,3.0,122.0,5 (3.94 %),8.0,14.0,,,9 years (2008 - 2017).,https://citec.repec.org/p/k/pko493.html,5.0,3.94,9,2008,2017,N,2005-2015
84,Katarzyna Zawalinska,pza223,/f/pza223.html,85,107," Instytut Rozwoju Wsi i Rolnictwa (IRWiR), Polska Akademia Nauk, Warszawa",86.17,Katarzyna,Zawalinska,K,6.0,5.0,350.0,3 (0.85 %),9.0,15.0,,1.0,21 years (1999 - 2020).,https://citec.repec.org/p/z/pza223.html,3.0,0.85,21,1999,2020,N,1995-2005
85,Malgorzata Pawlowska,ppa826,/f/ppa826.html,86,71," Narodowy Bank Polski, Warszawa Szkoła Główna Handlowa w Warszawie, Warszawa",87.56,Malgorzata,Pawlowska,K,4.0,3.0,87.0,6 (6.45 %),16.0,11.0,2.0,7.0,20 years (2002 - 2022).,https://citec.repec.org/p/p/ppa826.html,6.0,6.45,20,2002,2022,N,1995-2005
86,Aleksander Weron,pwe437,/f/pwe437.html,87,103," Hugo Steinhaus Center for Stochastic Methods, Politechnika Wrocławska, Wrocław",88.4,Aleksander,Weron,M,5.0,3.0,194.0,6 (3 %),12.0,16.0,3.0,,35 years (1976 - 2011).,https://citec.repec.org/p/w/pwe437.html,6.0,3.0,35,1976,2011,N,1975-1985
88,Anna Matysiak,pma1062,/f/pma1062.html,89,101," Wydział Nauk Ekonomicznych, Uniwersytet Warszawski, Warszawa",88.55,Anna,Matysiak,K,10.0,11.0,272.0,25 (8.42 %),16.0,22.0,,,13 years (2006 - 2019).,https://citec.repec.org/p/m/pma1062.html,25.0,8.42,13,2006,2019,N,2005-2015
89,Karol Szafranek,psz65,/e/psz65.html,90,76," Narodowy Bank Polski, Warszawa Szkoła Główna Handlowa w Warszawie, Warszawa",89.17,Karol,Szafranek,M,4.0,2.0,53.0,11 (17.19 %),12.0,11.0,,,8 years (2015 - 2023).,https://citec.repec.org/p/s/psz65.html,11.0,17.19,8,2015,2023,Y,2005-2015
90,Krzysztof Szczygielski,psz48,/e/psz48.html,91,115," Wydział Nauk Ekonomicznych, Uniwersytet Warszawski, Warszawa",90.54,Krzysztof,Szczygielski,M,5.0,2.0,106.0,6 (5.36 %),17.0,21.0,,1.0,16 years (2006 - 2022).,https://citec.repec.org/p/s/psz48.html,6.0,5.36,16,2006,2022,N,2005-2015
91,Maciej Jakubowski,pja168,/e/pja168.html,92,77," Wydział Nauk Ekonomicznych, Uniwersytet Warszawski, Warszawa",90.81,Maciej,Jakubowski,M,5.0,2.0,69.0,7 (9.21 %),12.0,18.0,,1.0,17 years (2006 - 2023).,https://citec.repec.org/p/j/pja168.html,7.0,9.21,17,2006,2023,Y,2005-2015
92,Piotr Leszek Stanek,pst555,/f/pst555.html,93,116," Uniwersytet Ekonomiczny w Krakowie, Kraków",91.27,Piotr,Leszek Stanek,M,6.0,6.0,120.0,7 (5.51 %),14.0,20.0,,,19 years (2004 - 2023).,https://citec.repec.org/p/s/pst555.html,7.0,5.51,19,2004,2023,Y,1995-2005
93,Maciej Albinowski,pal855,/f/pal855.html,94,110," Instytut Badań Strukturalnych, Warszawa",92.36,Maciej,Albinowski,M,3.0,2.0,33.0,1 (2.94 %),4.0,14.0,,,10 years (2013 - 2023).,https://citec.repec.org/p/a/pal855.html,1.0,2.94,10,2013,2023,Y,2005-2015
94,Lukasz Goczek,pgo201,/f/pgo201.html,95,88," Wydział Nauk Ekonomicznych, Uniwersytet Warszawski, Warszawa",95.31,Lukasz,Goczek,M,5.0,1.0,101.0,11 (9.82 %),33.0,8.0,,,16 years (2007 - 2023).,https://citec.repec.org/p/g/pgo201.html,11.0,9.82,16,2007,2023,Y,2005-2015
95,Piotr Fiszeder,pfi197,/e/pfi197.html,96,90," Wydział Nauk Ekonomicznych i Zarządzania, Uniwersytet Mikolaja Kopernika w Toruniu, Toruń",95.49,Piotr,Fiszeder,M,5.0,2.0,80.0,12 (13.04 %),20.0,1.0,,5.0,19 years (2004 - 2023).,https://citec.repec.org/p/f/pfi197.html,12.0,13.04,19,2004,2023,Y,1995-2005
96,Michal Gradzewicz,pgr291,/f/pgr291.html,97,119," Katedra Ekonomii I, Szkoła Główna Handlowa w Warszawie, Warszawa Narodowy Bank Polski, Warszawa",98.0,Michal,Gradzewicz,M,5.0,3.0,82.0,5 (5.75 %),7.0,20.0,,1.0,18 years (2004 - 2022).,https://citec.repec.org/p/g/pgr291.html,5.0,5.75,18,2004,2022,N,1995-2005
97,Anna Jaskiewicz,pja352,/f/pja352.html,98,131," Instytut Matematyki i Informatyki, Politechnika Wrocławska, Wrocław",98.44,Anna,Jaskiewicz,K,5.0,2.0,84.0,15 (15.15 %),23.0,2.0,,1.0,20 years (2001 - 2021).,https://citec.repec.org/p/j/pja352.html,15.0,15.15,20,2001,2021,N,1995-2005
98,Oskar Kowalewski,pko104,/e/pko104.html,99,15," Instytut Nauk Ekonomicznych, Polska Akademia Nauk, Warszawa",99.05,Oskar,Kowalewski,M,14.0,18.0,622.0,47 (7.03 %),39.0,86.0,1.0,2.0,18 years (2005 - 2023).,https://citec.repec.org/p/k/pko104.html,47.0,7.03,18,2005,2023,Y,1995-2005
99,Grzegorz Wesolowski,pwe303,/f/pwe303.html,100,129," Wydział Nauk Ekonomicznych, Uniwersytet Warszawski, Warszawa Narodowy Bank Polski, Warszawa",99.2,Grzegorz,Wesolowski,M,3.0,1.0,53.0,4 (7.02 %),6.0,14.0,,1.0,11 years (2012 - 2023).,https://citec.repec.org/p/w/pwe303.html,4.0,7.02,11,2012,2023,Y,2005-2015
100,Jacek Kotlowski,pko431,/f/pko431.html,101,114," Zakład Ekonometrii Stosowanej, Szkoła Główna Handlowa w Warszawie, Warszawa Instytut Ekonometrii, Szkoła Główna Handlowa w Warszawie, Warszawa Narodowy Bank Polski, Warszawa",100.29,Jacek,Kotlowski,M,5.0,2.0,70.0,2 (2.78 %),9.0,21.0,,,18 years (2005 - 2023).,https://citec.repec.org/p/k/pko431.html,2.0,2.78,18,2005,2023,Y,1995-2005
102,Ryszard Rapacki,pra573,/f/pra573.html,103,94," Katedra Ekonomii II, Szkoła Główna Handlowa w Warszawie, Warszawa",100.74,Ryszard,Rapacki,M,4.0,3.0,98.0,13 (11.71 %),20.0,12.0,1.0,,39 years (1981 - 2020).,https://citec.repec.org/p/r/pra573.html,13.0,11.71,39,1981,2020,N,1975-1985
103,Olga Kiuila,pki34,/e/pki34.html,104,133," Wydział Nauk Ekonomicznych, Uniwersytet Warszawski, Warszawa",100.86,Olga,Kiuila,K,5.0,3.0,93.0,11 (10.58 %),15.0,12.0,,,22 years (1999 - 2021).,https://citec.repec.org/p/k/pki34.html,11.0,10.58,22,1999,2021,N,1995-2005
104,Jan Jakub Michałek,pmi274,/f/pmi274.html,105,102," Wydział Nauk Ekonomicznych, Uniwersytet Warszawski, Warszawa",101.55,Jan,Jakub Michałek,M,6.0,2.0,100.0,8 (7.41 %),31.0,9.0,,,24 years (1999 - 2023).,https://citec.repec.org/p/m/pmi274.html,8.0,7.41,24,1999,2023,Y,1995-2005
105,Jan Witajewski-Baltvilks,pwi380,/f/pwi380.html,106,117," Wydział Nauk Ekonomicznych, Uniwersytet Warszawski, Warszawa",102.58,Jan,Witajewski-Baltvilks,M,5.0,3.0,88.0,10 (10.2 %),10.0,20.0,,,8 years (2014 - 2022).,https://citec.repec.org/p/w/pwi380.html,10.0,10.2,8,2014,2022,N,2005-2015
107,Muhammad Sadiq,psa2033,/f/psa2033.html,108,123," Akademia Ekonomiczno-Humanistyczna w Warszawie, Warszawa",106.63,Muhammad,Sadiq,M,8.0,7.0,227.0,6 (2.58 %),22.0,1.0,,,4 years (2019 - 2023).,https://citec.repec.org/p/s/psa2033.html,6.0,2.58,4,2019,2023,Y,2015-2025
108,Pawel Strawinski,pst197,/e/pst197.html,109,106," Wydział Nauk Ekonomicznych, Uniwersytet Warszawski, Warszawa",107.19,Pawel,Strawinski,M,3.0,1.0,59.0,5 (7.81 %),17.0,27.0,,,15 years (2007 - 2022).,https://citec.repec.org/p/s/pst197.html,5.0,7.81,15,2007,2022,N,2005-2015
109,Barbara Bedowska-Sojka,pbe727,/f/pbe727.html,110,105," Uniwersytet Ekonomiczny w Poznaniu, Poznań",107.95,Barbara,Bedowska-Sojka,K,5.0,2.0,84.0,12 (12.5 %),28.0,,,6.0,12 years (2010 - 2022).,https://citec.repec.org/p/b/pbe727.html,12.0,12.5,12,2010,2022,N,2005-2015
110,Tomasz Chmielewski,pch564,/f/pch564.html,111,143," Szkoła Główna Handlowa w Warszawie, Warszawa",108.05,Tomasz,Chmielewski,M,6.0,3.0,122.0,2 (1.61 %),2.0,14.0,,,17 years (2004 - 2021).,https://citec.repec.org/p/c/pch564.html,2.0,1.61,17,2004,2021,N,1995-2005
111,Magdalena Klimczuk-Kochanska,pkl141,/e/pkl141.html,112,109," Wydział Zarządzania, Uniwersytet Warszawski, Warszawa",108.11,Magdalena,Klimczuk-Kochanska,K,5.0,1.0,56.0,21 (27.27 %),18.0,32.0,,,13 years (2007 - 2020).,https://citec.repec.org/p/k/pkl141.html,21.0,27.27,13,2007,2020,N,2005-2015
112,Agata Kliber,pkl118,/e/pkl118.html,113,113," Uniwersytet Ekonomiczny w Poznaniu, Poznań",108.15,Agata,Kliber,K,5.0,2.0,94.0,10 (9.62 %),25.0,,,3.0,11 years (2011 - 2022).,https://citec.repec.org/p/k/pkl118.html,10.0,9.62,11,2011,2022,N,2005-2015
113,Cezary Wojcik,pwo54,/e/pwo54.html,114,138," Szkoła Główna Handlowa w Warszawie, Warszawa",109.23,Cezary,Wojcik,M,6.0,4.0,121.0,6 (4.72 %),9.0,6.0,,,18 years (2003 - 2021).,https://citec.repec.org/p/w/pwo54.html,6.0,4.72,18,2003,2021,N,1995-2005
114,Adam P. Balcerzak Sr.,pba1247,/f/pba1247.html,115,96,"Wydział Nauk Ekonomicznych, Universytet Warmi&nacute;sko Mazurski w Olsztynie, Olsztyn",109.97,Adam,P. Balcerzak Sr.,M,7.0,5.0,152.0,11 (6.75 %),15.0,42.0,,22.0,10 years (2008 - 2018).,https://citec.repec.org/p/b/pba1247.html,11.0,6.75,10,2008,2018,N,2005-2015
115,Marek A. Dabrowski,pdb2,/e/pdb2.html,116,125," Uniwersytet Ekonomiczny w Krakowie, Kraków",110.3,Marek,A. Dabrowski,M,5.0,2.0,58.0,8 (12.12 %),17.0,10.0,,,9 years (2013 - 2022).,https://citec.repec.org/p/d/pdb2.html,8.0,12.12,9,2013,2022,N,2005-2015
116,Pawel Skrzypczynski,psk39,/e/psk39.html,117,166," Narodowy Bank Polski, Warszawa",110.38,Pawel,Skrzypczynski,M,3.0,2.0,121.0,4 (3.2 %),4.0,6.0,,,5 years (2007 - 2012).,https://citec.repec.org/p/s/psk39.html,4.0,3.2,5,2007,2012,N,2005-2015
117,Marcin Jakubek,pja353,/f/pja353.html,118,153," Instytut Nauk Ekonomicznych, Polska Akademia Nauk, Warszawa",110.64,Marcin,Jakubek,M,5.0,2.0,71.0,9 (11.25 %),18.0,36.0,,2.0,9 years (2011 - 2020).,https://citec.repec.org/p/j/pja353.html,9.0,11.25,9,2011,2020,N,2005-2015
118,Wojciech Grabowski,pgr382,/f/pgr382.html,119,126," Katedra Modeli i Prognoz Ekonometrycznych, Wydział Ekonomiczno-Socjologiczny, Uniwersytet Łódzki, Łódź",110.68,Wojciech,Grabowski,M,4.0,1.0,94.0,8 (7.84 %),23.0,7.0,,1.0,12 years (2009 - 2021).,https://citec.repec.org/p/g/pgr382.html,8.0,7.84,12,2009,2021,N,2005-2015
119,Krzysztof Burnecki,pbu210,/f/pbu210.html,120,134," Hugo Steinhaus Center for Stochastic Methods, Politechnika Wrocławska, Wrocław",112.02,Krzysztof,Burnecki,M,7.0,4.0,147.0,23 (13.53 %),19.0,24.0,,,25 years (1997 - 2022).,https://citec.repec.org/p/b/pbu210.html,23.0,13.53,25,1997,2022,N,1995-2005
121,Andrzej Toroj,pto209,/f/pto209.html,122,111," Zakład Ekonometrii Stosowanej, Szkoła Główna Handlowa w Warszawie, Warszawa",114.26,Andrzej,Toroj,M,2.0,1.0,51.0,3 (5.56 %),18.0,17.0,,,11 years (2008 - 2019).,https://citec.repec.org/p/t/pto209.html,3.0,5.56,11,2008,2019,N,2005-2015
122,Jerzy Mycielski,pmy15,/e/pmy15.html,123,139," Wydział Nauk Ekonomicznych, Uniwersytet Warszawski, Warszawa",115.55,Jerzy,Mycielski,M,6.0,3.0,135.0,0 (0 %),15.0,5.0,,,21 years (2000 - 2021).,https://citec.repec.org/p/m/pmy15.html,0.0,0.0,21,2000,2021,N,1995-2005
123,Ewa Lechman,ple411,/f/ple411.html,124,118," Wydział Zarządzania i Ekonomii, Politechnika Gdańska, Gdańsk",118.82,Ewa,Lechman,K,4.0,1.0,73.0,9 (10.98 %),8.0,34.0,2.0,,10 years (2009 - 2019).,https://citec.repec.org/p/l/ple411.html,9.0,10.98,10,2009,2019,N,2005-2015
124,Ryszard Kokoszczynski,pko306,/f/pko306.html,125,136," Wydział Nauk Ekonomicznych, Uniwersytet Warszawski, Warszawa Narodowy Bank Polski, Warszawa",119.4,Ryszard,Kokoszczynski,M,3.0,1.0,64.0,0 (0 %),13.0,12.0,1.0,1.0,32 years (1988 - 2020).,https://citec.repec.org/p/k/pko306.html,0.0,0.0,32,1988,2020,N,1985-1995
125,Tomasz Brodzicki,pbr27,/e/pbr27.html,126,108," Instytut Rozwoju, Sopot Wydział Ekonomiczny, Uniwersytet Gdanski, Gdansk",119.56,Tomasz,Brodzicki,M,4.0,1.0,61.0,15 (19.74 %),13.0,37.0,,,17 years (2003 - 2020).,https://citec.repec.org/p/b/pbr27.html,15.0,19.74,17,2003,2020,N,1995-2005
127,Pawel Gajewski,pga765,/f/pga765.html,128,144," Wydział Ekonomiczno-Socjologiczny, Uniwersytet Łódzki, Łódź",121.41,Pawel,Gajewski,M,5.0,2.0,65.0,5 (7.14 %),20.0,8.0,,,16 years (2007 - 2023).,https://citec.repec.org/p/g/pga765.html,5.0,7.14,16,2007,2023,Y,2005-2015
130,Marcin Waldemar Staniewski,pst899,/f/pst899.html,131,122," Akademia Ekonomiczno-Humanistyczna w Warszawie, Warszawa Akademia Ekonomiczno-Humanistyczna w Warszawie",124.09,Marcin,Waldemar Staniewski,M,6.0,2.0,81.0,3 (3.57 %),24.0,,,,16 years (2007 - 2023).,https://citec.repec.org/p/s/pst899.html,3.0,3.57,16,2007,2023,Y,2005-2015
133,Witold Kwasnicki,pkw4,/e/pkw4.html,134,176," Instytut Nauk Ekonomicznych, Wydział Prawa, Administracji i Ekonomii, Uniwersytet Wroclawski, Wroclaw",128.32,Witold,Kwasnicki,M,4.0,3.0,69.0,4 (5.48 %),4.0,8.0,1.0,3.0,26 years (1992 - 2018).,https://citec.repec.org/p/k/pkw4.html,4.0,5.48,26,1992,2018,N,1985-1995
135,Magdalena Smyk,psm175,/e/psm175.html,136,168," Instytut Statystyki i Demografii, Szkoła Główna Handlowa w Warszawie, Warszawa Group for Research in Applied Economics (GRAPE), Warszawa",128.94,Magdalena,Smyk,K,3.0,1.0,32.0,0 (0 %),5.0,19.0,,,9 years (2013 - 2022).,https://citec.repec.org/p/s/psm175.html,0.0,0.0,9,2013,2022,N,2005-2015
143,Katarzyna Kopczewska,pko518,/f/pko518.html,144,142," Wydział Nauk Ekonomicznych, Uniwersytet Warszawski, Warszawa",138.29,Katarzyna,Kopczewska,K,3.0,1.0,36.0,6 (14.29 %),22.0,2.0,1.0,,13 years (2009 - 2022).,https://citec.repec.org/p/k/pko518.html,6.0,14.29,13,2009,2022,N,2005-2015
144,Mario Arturo Ruiz Estrada,pru58,/e/pru58.html,145,51," Akademia Ekonomiczno-Humanistyczna w Warszawie, Warszawa",138.58,Mario,Arturo Ruiz Estrada,M,7.0,3.0,109.0,36 (24.83 %),37.0,18.0,,,16 years (2004 - 2020).,https://citec.repec.org/p/r/pru58.html,36.0,24.83,16,2004,2020,N,1995-2005
145,Victor Bystrov,pby15,/e/pby15.html,146,174," Instytutu Ekonomii, Wydział Ekonomiczno-Socjologiczny, Uniwersytet Łódzki, Łódź",140.6,Victor,Bystrov,M,3.0,1.0,46.0,4 (8 %),11.0,11.0,,,16 years (2006 - 2022).,https://citec.repec.org/p/b/pby15.html,4.0,8.0,16,2006,2022,N,2005-2015
146,Adam Szulc,psz40,/e/psz40.html,147,178," Instytut Statystyki i Demografii, Szkoła Główna Handlowa w Warszawie, Warszawa",142.59,Adam,Szulc,M,4.0,2.0,48.0,2 (4 %),12.0,5.0,,1.0,27 years (1995 - 2022).,https://citec.repec.org/p/s/psz40.html,2.0,4.0,27,1995,2022,N,1985-1995
147,Natalia Nehrebecka,pne161,/e/pne161.html,148,120," Wydział Nauk Ekonomicznych, Uniwersytet Warszawski, Warszawa Narodowy Bank Polski, Warszawa",143.41,Natalia,Nehrebecka,K,3.0,0.0,30.0,11 (26.83 %),25.0,10.0,,3.0,12 years (2009 - 2021).,https://citec.repec.org/p/n/pne161.html,11.0,26.83,12,2009,2021,N,2005-2015
148,Kamil Makiela,pma2182,/f/pma2182.html,149,169," Uniwersytet Ekonomiczny w Krakowie, Kraków",144.72,Kamil,Makiela,M,3.0,1.0,57.0,6 (9.52 %),9.0,4.0,,,12 years (2009 - 2021).,https://citec.repec.org/p/m/pma2182.html,6.0,9.52,12,2009,2021,N,2005-2015
149,Piotr Misztal,pmi197,/e/pmi197.html,150,141," Wydział Zarządzania i Administracji, Uniwersytet Jana Kochanowskiego w Kielcach, Kielce",145.02,Piotr,Misztal,M,4.0,3.0,65.0,0 (0 %),25.0,1.0,,,14 years (2007 - 2021).,https://citec.repec.org/p/m/pmi197.html,0.0,0.0,14,2007,2021,N,2005-2015
150,Pawel Kaczmarczyk,pka834,/f/pka834.html,151,140," Wydział Nauk Ekonomicznych, Uniwersytet Warszawski, Warszawa Ośrodek Badań nad Migracjami, Uniwersytet Warszawski, Warszawa",146.88,Pawel,Kaczmarczyk,M,4.0,1.0,62.0,4 (6.06 %),5.0,7.0,,,15 years (2008 - 2023).,https://citec.repec.org/p/k/pka834.html,4.0,6.06,15,2008,2023,Y,2005-2015
151,Dorota Skala,psk53,/e/psk53.html,152,173," Wydział Ekonomii, Finansów i Zarządzania, Uniwersytet Szczecinski, Szczecin",147.41,Dorota,Skala,K,3.0,3.0,50.0,0 (0 %),7.0,6.0,,,15 years (2008 - 2023).,https://citec.repec.org/p/s/psk53.html,0.0,0.0,15,2008,2023,Y,2005-2015
152,Marcin Blazejowski,pba904,/f/pba904.html,153,172," Wyższa Szkoła Bankowa w Toruniu, Toruń",148.64,Marcin,Blazejowski,M,4.0,0.0,30.0,8 (21.05 %),9.0,11.0,,1.0,10 years (2013 - 2023).,https://citec.repec.org/p/b/pba904.html,8.0,21.05,10,2013,2023,Y,2005-2015
153,Pawel Kopiec,pko886,/f/pko886.html,154,182," Katedra Ekonomii Ilościowej, Szkoła Główna Handlowa w Warszawie, Warszawa Narodowy Bank Polski, Warszawa",149.06,Pawel,Kopiec,M,2.0,0.0,7.0,4 (36.36 %),7.0,9.0,,,6 years (2017 - 2023).,https://citec.repec.org/p/k/pko886.html,4.0,36.36,6,2017,2023,Y,2015-2025
154,Jan Przystupa,ppr218,/f/ppr218.html,155,181," Instytut Badań Rynku, Konsumpcji i Koniunktur (IBRKK), Warszawa Narodowy Bank Polski, Warszawa",149.52,Jan,Przystupa,M,7.0,5.0,119.0,4 (3.25 %),2.0,12.0,2.0,,18 years (2002 - 2020).,https://citec.repec.org/p/p/ppr218.html,4.0,3.25,18,2002,2020,N,1995-2005
155,Magdalena Olczyk,pol97,/e/pol97.html,156,161," Wydział Zarządzania i Ekonomii, Politechnika Gdańska, Gdańsk",149.71,Magdalena,Olczyk,K,4.0,3.0,72.0,2 (2.7 %),12.0,12.0,,,13 years (2008 - 2021).,https://citec.repec.org/p/o/pol97.html,2.0,2.7,13,2008,2021,N,2005-2015
156,Malgorzata Anna Olszak,pol176,/e/pol176.html,157,179," Wydział Zarządzania, Uniwersytet Warszawski, Warszawa",150.74,Malgorzata,Anna Olszak,K,4.0,1.0,66.0,6 (8.33 %),13.0,15.0,,,6 years (2012 - 2018).,https://citec.repec.org/p/o/pol176.html,6.0,8.33,6,2012,2018,N,2005-2015
157,Aleksandra Halka,pha1168,/f/pha1168.html,158,170," Narodowy Bank Polski, Warszawa",152.89,Aleksandra,Halka,K,4.0,1.0,39.0,3 (7.14 %),8.0,11.0,,,11 years (2011 - 2022).,https://citec.repec.org/p/h/pha1168.html,3.0,7.14,11,2011,2022,N,2005-2015
159,Joanna Mackiewicz-Lyziak,pma2968,/f/pma2968.html,160,156," Wydział Nauk Ekonomicznych, Uniwersytet Warszawski, Warszawa",153.67,Joanna,Mackiewicz-Lyziak,K,3.0,1.0,38.0,1 (2.56 %),14.0,1.0,1.0,,15 years (2007 - 2022).,https://citec.repec.org/p/m/pma2968.html,1.0,2.56,15,2007,2022,N,2005-2015
160,Bogumil Kaminski,pka509,/f/pka509.html,161,177," Zakład Wspomagania i Analizy Decyzji, Szkoła Główna Handlowa w Warszawie, Warszawa",154.42,Bogumil,Kaminski,M,5.0,1.0,62.0,5 (7.46 %),19.0,7.0,,2.0,16 years (2006 - 2022).,https://citec.repec.org/p/k/pka509.html,5.0,7.46,16,2006,2022,N,2005-2015
161,Mariusz Kapuscinski,pka958,/f/pka958.html,162,151," Instytut Nauk Ekonomicznych, Polska Akademia Nauk, Warszawa",155.22,Mariusz,Kapuscinski,M,5.0,1.0,39.0,3 (7.14 %),4.0,13.0,,,9 years (2014 - 2023).,https://citec.repec.org/p/k/pka958.html,3.0,7.14,9,2014,2023,Y,2005-2015
162,Jan Brzozowski,pbr646,/f/pbr646.html,163,167,,156.88,Jan,Brzozowski,M,5.0,1.0,63.0,2 (3.08 %),11.0,4.0,,,12 years (2010 - 2022).,https://citec.repec.org/p/b/pbr646.html,2.0,3.08,12,2010,2022,N,2005-2015
163,Aleksandra Kordalska,pko856,/f/pko856.html,164,160," Wydział Zarządzania i Ekonomii, Politechnika Gdańska, Gdańsk",158.56,Aleksandra,Kordalska,K,4.0,2.0,57.0,4 (6.56 %),9.0,8.0,,,8 years (2014 - 2022).,https://citec.repec.org/p/k/pko856.html,4.0,6.56,8,2014,2022,N,2005-2015
164,Marcin Chlebus,pch1469,/f/pch1469.html,165,130," Wydział Nauk Ekonomicznych, Uniwersytet Warszawski, Warszawa",159.04,Marcin,Chlebus,M,2.0,0.0,8.0,6 (42.86 %),8.0,17.0,,1.0,7 years (2014 - 2021).,https://citec.repec.org/p/c/pch1469.html,6.0,42.86,7,2014,2021,N,2005-2015
165,Tadeusz Kowalski,pko340,/f/pko340.html,166,185," Uniwersytet Ekonomiczny w Poznaniu, Poznań",159.12,Tadeusz,Kowalski,M,5.0,2.0,62.0,10 (13.89 %),7.0,11.0,,1.0,23 years (2000 - 2023).,https://citec.repec.org/p/k/pko340.html,10.0,13.89,23,2000,2023,Y,1995-2005
166,Renata Karkowska,pka912,/f/pka912.html,167,175," Wydział Zarządzania, Uniwersytet Warszawski, Warszawa",162.76,Renata,Karkowska,K,3.0,2.0,35.0,4 (10.26 %),17.0,9.0,,1.0,22 years (2000 - 2022).,https://citec.repec.org/p/k/pka912.html,4.0,10.26,22,2000,2022,N,1995-2005
167,Magdalena Beata Osinska,pos69,/e/pos69.html,168,157," Wydział Nauk Ekonomicznych i Zarządzania, Uniwersytet Mikolaja Kopernika w Toruniu, Toruń",163.75,Magdalena,Beata Osinska,K,3.0,0.0,30.0,4 (11.76 %),25.0,4.0,,7.0,27 years (1996 - 2023).,https://citec.repec.org/p/o/pos69.html,4.0,11.76,27,1996,2023,Y,1995-2005
169,Tomasz Serafin,pse644,/f/pse644.html,170,196," Katedra Badań Operacyjnych i Inteligencji Biznesowej, Politechnika Wrocławska, Wrocław",165.14,Tomasz,Serafin,M,4.0,4.0,84.0,7 (7.69 %),4.0,7.0,,,3 years (2018 - 2021).,https://citec.repec.org/p/s/pse644.html,7.0,7.69,3,2018,2021,N,2015-2025
170,Ewa Cukrowska-Torzewska,pcu159,/e/pcu159.html,171,183," Wydział Nauk Ekonomicznych, Uniwersytet Warszawski, Warszawa",166.67,Ewa,Cukrowska-Torzewska,K,3.0,1.0,37.0,6 (13.95 %),5.0,17.0,,,10 years (2011 - 2021).,https://citec.repec.org/p/c/pcu159.html,6.0,13.95,10,2011,2021,N,2005-2015
171,Lukasz Delong,pde1449,/f/pde1449.html,172,189," Wydział Nauk Ekonomicznych, Uniwersytet Warszawski, Warszawa",168.62,Lukasz,Delong,M,4.0,2.0,62.0,2 (3.13 %),16.0,,,,16 years (2007 - 2023).,https://citec.repec.org/p/d/pde1449.html,2.0,3.12,16,2007,2023,Y,2005-2015
172,Tomasz Weron,pwe470,/f/pwe470.html,173,220," Hugo Steinhaus Center for Stochastic Methods, Politechnika Wrocławska, Wrocław Katedra Badań Operacyjnych i Inteligencji Biznesowej, Politechnika Wrocławska, Wrocław",171.0,Tomasz,Weron,M,5.0,3.0,87.0,6 (6.45 %),6.0,4.0,,,8 years (2013 - 2021).,https://citec.repec.org/p/w/pwe470.html,6.0,6.45,8,2013,2021,N,2005-2015
173,Kanat Abdulla,pab510,/f/pab510.html,174,180," Wydział Nauk Ekonomicznych, Uniwersytet Warszawski, Warszawa",171.72,Kanat,Abdulla,M,2.0,1.0,29.0,4 (12.12 %),8.0,3.0,,,13 years (2009 - 2022).,https://citec.repec.org/p/a/pab510.html,4.0,12.12,13,2009,2022,N,2005-2015
174,Anna Pajor,ppa1025,/f/ppa1025.html,175,198," Uniwersytet Ekonomiczny w Krakowie, Kraków Uniwersytet Jagielloński w Krakowie",173.02,Anna,Pajor,K,4.0,1.0,48.0,9 (15.79 %),13.0,3.0,,6.0,14 years (2006 - 2020).,https://citec.repec.org/p/p/ppa1025.html,9.0,15.79,14,2006,2020,N,2005-2015
176,Joanna Bruzda,pbr449,/f/pbr449.html,177,200," Wydział Nauk Ekonomicznych i Zarządzania, Uniwersytet Mikolaja Kopernika w Toruniu, Toruń",174.17,Joanna,Bruzda,K,3.0,0.0,25.0,8 (24.24 %),18.0,1.0,,6.0,16 years (2004 - 2020).,https://citec.repec.org/p/b/pbr449.html,8.0,24.24,16,2004,2020,N,1995-2005
180,Wioleta Kucharska,pku368,/f/pku368.html,181,195," Wydział Zarządzania i Ekonomii, Politechnika Gdańska, Gdańsk",177.8,Wioleta,Kucharska,K,5.0,2.0,73.0,8 (9.88 %),9.0,7.0,,,6 years (2016 - 2022).,https://citec.repec.org/p/k/pku368.html,8.0,9.88,6,2016,2022,N,2015-2025
181,Iraj Hashi,pha727,/f/pha727.html,182,68," CASE-Center for Social and Economic Research, Warszawa",177.84,Iraj,Hashi,M,7.0,3.0,268.0,4 (1.47 %),10.0,17.0,,,19 years (1995 - 2014).,https://citec.repec.org/p/h/pha727.html,4.0,1.47,19,1995,2014,N,1985-1995
182,Alexander Shapoval,psh760,/f/psh760.html,183,217,,178.93,Alexander,Shapoval,M,2.0,0.0,11.0,3 (21.43 %),22.0,7.0,,,17 years (2004 - 2021).,https://citec.repec.org/p/s/psh760.html,3.0,21.43,17,2004,2021,N,1995-2005
183,Michal Brzozowski,pbr427,/f/pbr427.html,184,209," Wydział Nauk Ekonomicznych, Uniwersytet Warszawski, Warszawa",179.07,Michal,Brzozowski,M,3.0,2.0,55.0,0 (0 %),6.0,3.0,,,18 years (2001 - 2019).,https://citec.repec.org/p/b/pbr427.html,0.0,0.0,18,2001,2019,N,1995-2005
185,Anna Agnieszka Bialek-Jaworska,pbi381,/f/pbi381.html,103,112," Wydział Nauk Ekonomicznych, Uniwersytet Warszawski, Warszawa",98.98,Anna,Agnieszka Bialek-Jaworska,K,2.0,0.0,11.0,3 (21.43 %),24.0,3.0,,3.0,18 years (2004 - 2022).,https://citec.repec.org/p/b/pbi381.html,3.0,21.43,18,2004,2022,N,1995-2005
186,Weronika Nitka,pni435,/f/pni435.html,122,138," Katedra Badań Operacyjnych i Inteligencji Biznesowej, Politechnika Wrocławska, Wrocław",114.74,Weronika,Nitka,K,3.0,3.0,72.0,6 (7.69 %),5.0,5.0,,,4 years (2019 - 2023).,https://citec.repec.org/p/n/pni435.html,6.0,7.69,4,2019,2023,Y,2015-2025
187,Dimitrios Sotiros,pso638,/f/pso638.html,124,136," Katedra Badań Operacyjnych i Inteligencji Biznesowej, Politechnika Wrocławska, Wrocław",116.86,Dimitrios,Sotiros,M,5.0,2.0,90.0,5 (5.26 %),10.0,2.0,,2.0,10 years (2012 - 2022).,https://citec.repec.org/p/s/pso638.html,5.0,5.26,10,2012,2022,N,2005-2015
188,Katarzyna Salach-Drozdz,psa1533,/f/psa1533.html,129,142," Instytut Badań Strukturalnych, Warszawa Wydział Nauk Ekonomicznych, Uniwersytet Warszawski, Warszawa",121.3,Katarzyna,Salach-Drozdz,K,4.0,0.0,31.0,4 (11.43 %),6.0,13.0,,,5 years (2018 - 2023).,https://citec.repec.org/p/s/psa1533.html,4.0,11.43,5,2018,2023,Y,2015-2025
189,Arkadiusz Andrzej Piwowar,ppi301,/f/ppi301.html,130,132," Uniwersytet Ekonomiczny we Wrocławiu, Wrocław",121.95,Arkadiusz,Andrzej Piwowar,M,6.0,5.0,96.0,4 (4 %),13.0,,,,8 years (2013 - 2021).,https://citec.repec.org/p/p/ppi301.html,4.0,4.0,8,2013,2021,N,2005-2015
190,Mateusz Mikutowski,pmi961,/f/pmi961.html,132,163," Uniwersytet Ekonomiczny w Poznaniu, Poznań",123.97,Mateusz,Mikutowski,M,2.0,2.0,65.0,1 (1.52 %),6.0,,,,2 years (2019 - 2021).,https://citec.repec.org/p/m/pmi961.html,1.0,1.52,2,2019,2021,N,2015-2025
191,Aleksandra Wisniewska,pwi440,/f/pwi440.html,134,175," Wydział Nauk Ekonomicznych, Uniwersytet Warszawski, Warszawa",128.18,Aleksandra,Wisniewska,K,3.0,1.0,53.0,3 (5.36 %),4.0,7.0,,,5 years (2015 - 2020).,https://citec.repec.org/p/w/pwi440.html,3.0,5.36,5,2015,2020,N,2005-2015
192,Katarzyna Zagorska,pza316,/f/pza316.html,135,147," Wydział Nauk Ekonomicznych, Uniwersytet Warszawski, Warszawa",128.95,Katarzyna,Zagorska,K,3.0,2.0,47.0,0 (0 %),6.0,11.0,,,6 years (2016 - 2022).,https://citec.repec.org/p/z/pza316.html,0.0,0.0,6,2016,2022,N,2015-2025
194,Grzegorz Kinelski,pki624,/f/pki624.html,142,150," Katedra Zarządzania, Akademia WSB, Dąbrowa Górnicza",133.92,Grzegorz,Kinelski,M,5.0,3.0,103.0,11 (9.65 %),13.0,,,,2 years (2020 - 2022).,https://citec.repec.org/p/k/pki624.html,11.0,9.65,2,2020,2022,N,2015-2025
195,Piotr Dybka,pdy22,/e/pdy22.html,145,168," Szkoła Główna Handlowa w Warszawie, Warszawa",136.33,Piotr,Dybka,M,3.0,1.0,41.0,5 (10.87 %),6.0,5.0,,,6 years (2017 - 2023).,https://citec.repec.org/p/d/pdy22.html,5.0,10.87,6,2017,2023,Y,2015-2025
196,Christopher Andrew Hartwell,pha661,/f/pha661.html,147,11," CASE-Center for Social and Economic Research, Warszawa Akademia Leona Koźmińskiego, Warszawa",139.28,Christopher,Andrew Hartwell,M,7.0,6.0,189.0,27 (12.5 %),59.0,17.0,3.0,13.0,22 years (2001 - 2023).,https://citec.repec.org/p/h/pha661.html,27.0,12.5,22,2001,2023,Y,1995-2005
197,Vitaliy Krupin,pkr327,/f/pkr327.html,148,133," Instytut Rozwoju Wsi i Rolnictwa (IRWiR), Polska Akademia Nauk, Warszawa",139.9,Vitaliy,Krupin,M,4.0,1.0,55.0,6 (9.84 %),31.0,2.0,,,11 years (2011 - 2022).,https://citec.repec.org/p/k/pkr327.html,6.0,9.84,11,2011,2022,N,2005-2015
198,Katarzyna Sledziewska,ple518,/f/ple518.html,149,166," Wydział Nauk Ekonomicznych, Uniwersytet Warszawski, Warszawa",140.66,Katarzyna,Sledziewska,K,2.0,1.0,50.0,2 (3.85 %),8.0,4.0,,2.0,11 years (2008 - 2019).,https://citec.repec.org/p/l/ple518.html,2.0,3.85,11,2008,2019,N,2005-2015
200,Ida Musialkowska,pmu665,/f/pmu665.html,153,186," Uniwersytet Ekonomiczny w Poznaniu, Poznań",144.33,Ida,Musialkowska,K,2.0,1.0,59.0,0 (0 %),7.0,,,,5 years (2017 - 2022).,https://citec.repec.org/p/m/pmu665.html,0.0,0.0,5,2017,2022,N,2015-2025
201,Jakub Rybacki,pry42,/e/pry42.html,154,139," Polski Instytut Ekonomiczny, Warszawa",144.41,Jakub,Rybacki,M,1.0,0.0,8.0,6 (42.86 %),12.0,10.0,,,5 years (2018 - 2023).,https://citec.repec.org/p/r/pry42.html,6.0,42.86,5,2018,2023,Y,2015-2025
202,Michal Antoszewski,pan562,/f/pan562.html,155,181," Szkoła Główna Handlowa w Warszawie, Warszawa",144.75,Michal,Antoszewski,M,1.0,1.0,14.0,3 (17.65 %),3.0,4.0,,,5 years (2015 - 2020).,https://citec.repec.org/p/a/pan562.html,3.0,17.65,5,2015,2020,N,2005-2015
203,Jacek Pietrucha,ppi478,/f/ppi478.html,156,172," Uniwersytet Ekonomiczny w Katowicach, Katowice",144.84,Jacek,Pietrucha,M,4.0,2.0,51.0,2 (3.77 %),8.0,,,,4 years (2017 - 2021).,https://citec.repec.org/p/p/ppi478.html,2.0,3.77,4,2017,2021,N,2015-2025
204,Mateusz Szczurek,psz13,/e/psz13.html,157,195," Wydział Nauk Ekonomicznych, Uniwersytet Warszawski, Warszawa",146.01,Mateusz,Szczurek,M,2.0,1.0,24.0,0 (0 %),,3.0,,1.0,16 years (2003 - 2019).,https://citec.repec.org/p/s/psz13.html,0.0,0.0,16,2003,2019,N,1995-2005
205,Ewa Galecka-Burdziak,pga595,/f/pga595.html,158,178," Katedra Ekonomii I, Szkoła Główna Handlowa w Warszawie, Warszawa",146.95,Ewa,Galecka-Burdziak,K,3.0,0.0,20.0,6 (23.08 %),15.0,13.0,,,11 years (2012 - 2023).,https://citec.repec.org/p/g/pga595.html,6.0,23.08,11,2012,2023,Y,2005-2015
206,Pawel Baranowski,pba1340,/f/pba1340.html,159,193," Wydział Ekonomiczno-Socjologiczny, Uniwersytet Łódzki, Łódź",147.67,Pawel,Baranowski,M,4.0,1.0,46.0,2 (4.17 %),12.0,8.0,,,16 years (2005 - 2021).,https://citec.repec.org/p/b/pba1340.html,2.0,4.17,16,2005,2021,N,1995-2005
207,Adi Weidenfeld,pwe514,/f/pwe514.html,160,170," Wydział Nauk Ekonomicznych, Uniwersytet Warszawski, Warszawa",147.77,Adi,Weidenfeld,M,4.0,2.0,71.0,0 (0 %),8.0,,,,7 years (2014 - 2021).,https://citec.repec.org/p/w/pwe514.html,0.0,0.0,7,2014,2021,N,2005-2015
208,Mateusz Najsztub,pna591,/f/pna591.html,162,182," Centrum Analiz Ekonomicznych (CenEA), Szczecin",148.49,Mateusz,Najsztub,M,3.0,1.0,26.0,5 (16.13 %),4.0,6.0,,,8 years (2014 - 2022).,https://citec.repec.org/p/n/pna591.html,5.0,16.13,8,2014,2022,N,2005-2015
209,Mateusz Tomal,pto568,/f/pto568.html,163,143," Uniwersytet Ekonomiczny w Krakowie, Kraków",148.62,Mateusz,Tomal,M,3.0,0.0,23.0,4 (14.81 %),15.0,1.0,,,4 years (2019 - 2023).,https://citec.repec.org/p/t/pto568.html,4.0,14.81,4,2019,2023,Y,2015-2025
210,Anna Agata Martikainen,pci152,/e/pci152.html,166,199," Instytut Rozwoju Wsi i Rolnictwa (IRWiR), Polska Akademia Nauk, Warszawa",152.54,Anna,Agata Martikainen,K,2.0,1.0,103.0,2 (1.9 %),7.0,,,,5 years (2016 - 2021).,https://citec.repec.org/p/c/pci152.html,2.0,1.9,5,2016,2021,N,2015-2025
211,Katarzyna Andrzejczak Swierczynska,pan556,/f/pan556.html,168,190," Wydział Ekonomii, Uniwersytet Ekonomiczny w Poznaniu, Poznań",153.05,Katarzyna,Andrzejczak Swierczynska,K,1.0,1.0,49.0,0 (0 %),6.0,1.0,,1.0,4 years (2015 - 2019).,https://citec.repec.org/p/a/pan556.html,0.0,0.0,4,2015,2019,N,2005-2015
212,Yash Chawla,pch1803,/f/pch1803.html,169,173," Katedra Badań Operacyjnych i Inteligencji Biznesowej, Politechnika Wrocławska, Wrocław",153.34,Yash,Chawla,M,4.0,1.0,38.0,9 (19.15 %),8.0,6.0,,,4 years (2019 - 2023).,https://citec.repec.org/p/c/pch1803.html,9.0,19.15,4,2019,2023,Y,2015-2025
213,Joanna Rachubik,pra935,/f/pra935.html,170,196," Wydział Nauk Ekonomicznych, Uniwersytet Warszawski, Warszawa",153.4,Joanna,Rachubik,K,2.0,0.0,13.0,1 (7.14 %),3.0,10.0,,,5 years (2018 - 2023).,https://citec.repec.org/p/r/pra935.html,1.0,7.14,5,2018,2023,Y,2015-2025
216,Aneta Kielczewska,pki490,/f/pki490.html,177,213," Instytut Badań Strukturalnych, Warszawa",160.01,Aneta,Kielczewska,K,5.0,0.0,40.0,1 (2.44 %),2.0,5.0,1.0,,3 years (2017 - 2020).,https://citec.repec.org/p/k/pki490.html,1.0,2.44,3,2017,2020,N,2015-2025
217,Arkadiusz Jedrzejewski,pjd1,/e/pjd1.html,178,207," Katedra Badań Operacyjnych i Inteligencji Biznesowej, Politechnika Wrocławska, Wrocław",161.29,Arkadiusz,Jedrzejewski,M,3.0,1.0,43.0,2 (4.44 %),4.0,5.0,,,6 years (2015 - 2021).,https://citec.repec.org/p/j/pjd1.html,2.0,4.44,6,2015,2021,N,2005-2015
218,Henryk Wojtaszek Sr.,pwo314,/f/pwo314.html,179,160,"Wydział Zarządzania i Dowodzenia, Akademia Sztuki Wojennej, Warszawa",161.52,Henryk,Wojtaszek Sr.,M,4.0,2.0,50.0,13 (20.63 %),24.0,,,,2 years (2019 - 2021).,https://citec.repec.org/p/w/pwo314.html,13.0,20.63,2,2019,2021,N,2015-2025
219,Piotr Spiewanowski,ppi491,/f/ppi491.html,180,201," Instytut Nauk Ekonomicznych, Polska Akademia Nauk, Warszawa",163.29,Piotr,Spiewanowski,M,2.0,1.0,28.0,2 (6.67 %),4.0,7.0,,,7 years (2016 - 2023).,https://citec.repec.org/p/p/ppi491.html,2.0,6.67,7,2016,2023,Y,2015-2025
220,Pawel Sakowski,psa504,/f/psa504.html,183,179," Wydział Nauk Ekonomicznych, Uniwersytet Warszawski, Warszawa",164.65,Pawel,Sakowski,M,3.0,2.0,36.0,4 (10 %),9.0,17.0,,,14 years (2006 - 2020).,https://citec.repec.org/p/s/psa504.html,4.0,10.0,14,2006,2020,N,2005-2015
221,Marta Anna Goetz,pgt6,/e/pgt6.html,184,174," Wydział Biznesu i Stosunków Międzynarodowych, Akademia Finansów i Biznesu Vistula, Warszawa",165.1,Marta,Anna Goetz,K,2.0,1.0,23.0,1 (4.17 %),19.0,,,1.0,13 years (2010 - 2023).,https://citec.repec.org/p/g/pgt6.html,1.0,4.17,13,2010,2023,Y,2005-2015
